9/23/2020 9:02:56 AM,Mode changed to: #T1
9/23/2020 9:05:14 AM,Mode changed to: #T1
9/23/2020 9:11:27 AM,Mode changed to: #T2
9/23/2020 9:12:01 AM,Mode changed to: #T1
9/23/2020 2:54:08 PM,Mode changed to: #AUT
9/23/2020 2:56:22 PM,Mode changed to: #T1
9/23/2020 3:17:57 PM,Mode changed to: #AUT
9/23/2020 3:22:56 PM,Mode changed to: #T1
9/24/2020 9:44:50 AM,Mode changed to: #T1
9/24/2020 10:27:03 AM,Mode changed to: #T2
9/24/2020 10:27:15 AM,Mode changed to: #T1
9/24/2020 10:28:54 AM,Mode changed to: #T2
9/24/2020 10:29:50 AM,Mode changed to: #T1
9/24/2020 10:39:14 AM,Mode changed to: #T2
9/24/2020 10:39:26 AM,Mode changed to: #T1
9/24/2020 10:43:24 AM,Mode changed to: #T2
9/24/2020 10:44:01 AM,Mode changed to: #T1
9/24/2020 10:46:42 AM,Mode changed to: #T2
9/24/2020 10:48:46 AM,Mode changed to: #T1
9/24/2020 11:02:18 AM,Mode changed to: #T2
9/24/2020 11:02:45 AM,Mode changed to: #T1
9/24/2020 11:02:49 AM,Mode changed to: #T2
9/24/2020 11:03:07 AM,Mode changed to: #T1
9/24/2020 11:03:16 AM,Mode changed to: #AUT
9/24/2020 11:03:34 AM,Mode changed to: #T1
9/24/2020 11:03:44 AM,Mode changed to: #AUT
9/24/2020 11:04:20 AM,Mode changed to: #T1
9/24/2020 11:04:42 AM,Mode changed to: #AUT
9/24/2020 11:06:52 AM,Mode changed to: #T1
9/24/2020 11:09:07 AM,Mode changed to: #AUT
9/24/2020 11:09:22 AM,Mode changed to: #T1
9/24/2020 11:09:43 AM,Mode changed to: #T2
9/24/2020 11:14:58 AM,Mode changed to: #T1
9/24/2020 11:16:12 AM,Mode changed to: #T2
9/24/2020 11:22:41 AM,Mode changed to: #T1
9/24/2020 11:26:48 AM,Mode changed to: #T2
9/24/2020 11:29:52 AM,Mode changed to: #T1
9/24/2020 11:30:16 AM,Mode changed to: #T2
9/24/2020 11:30:50 AM,Mode changed to: #T1
9/24/2020 11:31:17 AM,Mode changed to: #T2
9/24/2020 11:33:53 AM,Mode changed to: #T1
9/24/2020 11:33:59 AM,Mode changed to: #T2
9/24/2020 11:35:34 AM,Mode changed to: #T1
9/24/2020 11:35:56 AM,Mode changed to: #T2
9/24/2020 11:40:22 AM,Mode changed to: #T1
9/24/2020 11:41:02 AM,Mode changed to: #T2
9/24/2020 11:43:29 AM,Mode changed to: #T1
10/30/2020 2:18:06 PM,Mode changed to: #T1
10/30/2020 2:36:30 PM,Mode changed to: #T1
6/25/2024 12:41:30 PM,Mode changed to: #T1
6/25/2024 12:50:37 PM,Mode changed to: #T1
6/26/2024 11:19:48 AM,Mode changed to: #T1
6/27/2024 9:15:52 AM,Mode changed to: #T1
6/27/2024 12:22:14 PM,Mode changed to: #AUT
6/27/2024 12:22:22 PM,Mode changed to: #T1
6/27/2024 12:34:10 PM,Mode changed to: #AUT
6/27/2024 12:34:18 PM,Mode changed to: #T1
6/27/2024 3:47:55 PM,Mode changed to: #AUT
6/27/2024 5:32:09 PM,Mode changed to: #T1
6/27/2024 6:26:11 PM,Mode changed to: #AUT
6/27/2024 6:27:05 PM,Mode changed to: #T1
6/27/2024 6:27:10 PM,Mode changed to: #AUT
6/27/2024 6:27:23 PM,Mode changed to: #T1
6/27/2024 6:27:35 PM,Mode changed to: #AUT
6/28/2024 7:14:38 AM,Mode changed to: #T1
6/28/2024 9:13:58 AM,Mode changed to: #AUT
6/29/2024 6:46:09 AM,Mode changed to: #T1
6/29/2024 8:33:00 AM,Mode changed to: #AUT
6/29/2024 9:56:39 AM,Mode changed to: #T1
6/29/2024 9:57:24 AM,Mode changed to: #AUT
6/29/2024 7:25:26 PM,Mode changed to: #T1
7/1/2024 7:19:35 AM,Mode changed to: #T1
7/2/2024 2:42:32 PM,Mode changed to: #T1
7/3/2024 7:24:36 AM,Mode changed to: #T1
7/3/2024 10:43:32 AM,Mode changed to: #AUT
7/3/2024 10:44:11 AM,Mode changed to: #T1
7/3/2024 10:45:25 AM,Mode changed to: #AUT
7/3/2024 10:45:40 AM,Mode changed to: #T1
7/3/2024 10:45:54 AM,Mode changed to: #AUT
7/3/2024 11:24:13 AM,Mode changed to: #T1
7/3/2024 3:39:18 PM,Mode changed to: #AUT
7/4/2024 8:49:52 AM,Mode changed to: #T1
7/4/2024 11:25:18 AM,Mode changed to: #AUT
7/4/2024 4:24:18 PM,Mode changed to: #T1
7/4/2024 5:13:29 PM,Mode changed to: #AUT
7/4/2024 5:16:39 PM,Mode changed to: #T1
7/4/2024 5:23:44 PM,Mode changed to: #AUT
7/4/2024 5:38:57 PM,Mode changed to: #T1
7/4/2024 5:43:37 PM,Mode changed to: #AUT
7/4/2024 6:11:07 PM,Mode changed to: #T1
7/4/2024 6:15:35 PM,Mode changed to: #AUT
7/4/2024 6:16:28 PM,Mode changed to: #T1
7/4/2024 6:22:11 PM,Mode changed to: #AUT
7/5/2024 1:55:33 PM,Mode changed to: #T1
7/5/2024 2:13:47 PM,Mode changed to: #AUT
7/5/2024 7:02:46 PM,Mode changed to: #T1
7/5/2024 7:03:48 PM,Mode changed to: #AUT
7/6/2024 6:15:33 AM,Mode changed to: #T1
7/6/2024 6:40:20 AM,Mode changed to: #AUT
7/6/2024 9:29:02 AM,Mode changed to: #T1
7/6/2024 9:30:18 AM,Mode changed to: #AUT
7/6/2024 12:09:58 PM,Mode changed to: #T1
7/6/2024 12:11:29 PM,Mode changed to: #AUT
7/6/2024 12:19:40 PM,Mode changed to: #T1
7/6/2024 12:29:23 PM,Mode changed to: #AUT
7/7/2024 6:08:41 AM,Mode changed to: #T1
7/7/2024 6:15:18 AM,Mode changed to: #AUT
7/7/2024 6:25:58 AM,Mode changed to: #T1
7/7/2024 6:26:33 AM,Mode changed to: #AUT
7/7/2024 6:27:41 AM,Mode changed to: #T1
7/7/2024 6:33:40 AM,Mode changed to: #AUT
7/7/2024 6:51:00 AM,Mode changed to: #T1
7/8/2024 8:44:55 AM,Mode changed to: #T1
7/8/2024 9:42:08 AM,Mode changed to: #AUT
7/8/2024 9:42:50 AM,Mode changed to: #T1
7/8/2024 9:44:31 AM,Mode changed to: #AUT
7/8/2024 9:49:11 AM,Mode changed to: #T1
7/8/2024 9:52:52 AM,Mode changed to: #AUT
7/8/2024 9:57:39 AM,Mode changed to: #T1
7/8/2024 10:00:22 AM,Mode changed to: #AUT
7/8/2024 10:03:04 AM,Mode changed to: #T1
7/8/2024 10:05:44 AM,Mode changed to: #AUT
7/8/2024 10:09:00 AM,Mode changed to: #T1
7/8/2024 10:13:27 AM,Mode changed to: #AUT
7/8/2024 10:19:18 AM,Mode changed to: #T1
7/8/2024 10:25:34 AM,Mode changed to: #AUT
7/8/2024 10:31:52 AM,Mode changed to: #T1
7/8/2024 10:35:52 AM,Mode changed to: #AUT
7/8/2024 10:42:09 AM,Mode changed to: #T1
7/8/2024 6:15:53 PM,Mode changed to: #AUT
7/8/2024 6:17:03 PM,Mode changed to: #T1
7/8/2024 6:17:51 PM,Mode changed to: #AUT
7/8/2024 6:18:02 PM,Mode changed to: #T1
7/8/2024 6:19:41 PM,Mode changed to: #AUT
7/8/2024 6:24:00 PM,Mode changed to: #T1
7/8/2024 6:26:51 PM,Mode changed to: #AUT
7/9/2024 8:40:18 AM,Mode changed to: #T1
7/9/2024 12:15:07 PM,Mode changed to: #AUT
7/10/2024 5:48:28 AM,Mode changed to: #T1
7/10/2024 9:02:53 AM,Mode changed to: #AUT
7/10/2024 3:13:20 PM,Mode changed to: #T1
7/10/2024 4:34:23 PM,Mode changed to: #AUT
7/11/2024 7:00:19 AM,Mode changed to: #T1
7/11/2024 7:08:45 AM,Mode changed to: #AUT
7/11/2024 8:32:56 AM,Mode changed to: #T1
7/11/2024 8:33:32 AM,Mode changed to: #AUT
7/11/2024 8:33:48 AM,Mode changed to: #T1
7/11/2024 8:35:24 AM,Mode changed to: #AUT
7/11/2024 8:36:30 AM,Mode changed to: #T1
7/11/2024 8:37:39 AM,Mode changed to: #AUT
7/11/2024 8:38:00 AM,Mode changed to: #T1
7/11/2024 9:28:23 AM,Mode changed to: #AUT
7/11/2024 9:53:10 AM,Mode changed to: #T1
7/11/2024 10:07:17 AM,Mode changed to: #AUT
7/11/2024 1:04:08 PM,Mode changed to: #T1
7/11/2024 1:11:29 PM,Mode changed to: #AUT
7/11/2024 5:12:36 PM,Mode changed to: #T1
7/11/2024 5:42:47 PM,Mode changed to: #AUT
7/11/2024 6:38:33 PM,Mode changed to: #T1
7/11/2024 6:46:44 PM,Mode changed to: #AUT
7/12/2024 11:05:58 AM,Mode changed to: #T1
7/12/2024 12:52:06 PM,Mode changed to: #AUT
7/12/2024 12:56:27 PM,Mode changed to: #T1
7/12/2024 12:59:40 PM,Mode changed to: #AUT
7/12/2024 12:59:58 PM,Mode changed to: #T1
7/12/2024 1:01:01 PM,Mode changed to: #AUT
7/12/2024 1:51:24 PM,Mode changed to: #T1
7/12/2024 5:07:19 PM,Mode changed to: #AUT
7/12/2024 5:25:43 PM,Mode changed to: #T1
7/12/2024 5:37:15 PM,Mode changed to: #AUT
7/12/2024 5:37:34 PM,Mode changed to: #T1
7/12/2024 5:43:12 PM,Mode changed to: #T1
7/12/2024 5:55:45 PM,Mode changed to: #AUT
7/12/2024 6:25:38 PM,Mode changed to: #T1
7/13/2024 6:42:06 AM,Mode changed to: #T1
7/13/2024 7:20:57 AM,Mode changed to: #AUT
7/13/2024 8:08:11 AM,Mode changed to: #T1
7/15/2024 10:22:25 AM,Mode changed to: #T1
7/15/2024 11:33:23 AM,Mode changed to: #AUT
7/15/2024 5:37:41 PM,Mode changed to: #T1
7/15/2024 5:39:12 PM,Mode changed to: #AUT
7/15/2024 5:39:24 PM,Mode changed to: #T1
7/16/2024 8:51:03 AM,Mode changed to: #T1
7/16/2024 9:49:33 AM,Mode changed to: #AUT
7/16/2024 11:29:50 AM,Mode changed to: #T1
7/16/2024 11:33:24 AM,Mode changed to: #AUT
7/16/2024 12:50:29 PM,Mode changed to: #T1
7/16/2024 12:55:25 PM,Mode changed to: #AUT
7/16/2024 1:57:41 PM,Mode changed to: #T1
7/16/2024 2:09:36 PM,Mode changed to: #AUT
7/16/2024 2:37:10 PM,Mode changed to: #T1
7/16/2024 3:49:40 PM,Mode changed to: #AUT
7/16/2024 4:21:57 PM,Mode changed to: #T1
7/16/2024 6:41:29 PM,Mode changed to: #AUT
7/17/2024 7:19:21 AM,Mode changed to: #T1
7/17/2024 10:53:52 AM,Mode changed to: #AUT
7/17/2024 11:43:42 AM,Mode changed to: #T1
7/17/2024 11:49:10 AM,Mode changed to: #AUT
7/18/2024 9:10:45 AM,Mode changed to: #T1
7/18/2024 9:22:53 AM,Mode changed to: #AUT
7/19/2024 6:44:22 AM,Mode changed to: #T1
7/19/2024 9:18:04 AM,Mode changed to: #AUT
7/19/2024 9:18:12 AM,Mode changed to: #T1
7/19/2024 9:18:24 AM,Mode changed to: #AUT
7/19/2024 9:19:01 AM,Mode changed to: #T1
7/19/2024 9:30:31 AM,Mode changed to: #AUT
7/19/2024 10:18:53 AM,Mode changed to: #T1
7/19/2024 11:15:05 AM,Mode changed to: #AUT
7/19/2024 11:32:04 AM,Mode changed to: #T1
7/19/2024 12:11:04 PM,Mode changed to: #AUT
7/19/2024 1:15:46 PM,Mode changed to: #T1
7/19/2024 1:18:52 PM,Mode changed to: #AUT
7/19/2024 6:10:28 PM,Mode changed to: #T1
7/20/2024 10:26:19 AM,Mode changed to: #T1
7/20/2024 1:15:12 PM,Mode changed to: #AUT
7/21/2024 6:25:53 AM,Mode changed to: #T1
7/22/2024 9:03:54 AM,Mode changed to: #T1
7/22/2024 9:05:40 AM,Mode changed to: #AUT
7/22/2024 10:16:56 AM,Mode changed to: #T1
7/22/2024 1:26:09 PM,Mode changed to: #AUT
7/22/2024 6:10:27 PM,Mode changed to: #T1
7/23/2024 6:45:51 AM,Mode changed to: #T1
7/23/2024 10:41:01 AM,Mode changed to: #AUT
7/23/2024 12:51:59 PM,Mode changed to: #T1
7/23/2024 12:55:29 PM,Mode changed to: #AUT
7/23/2024 2:32:40 PM,Mode changed to: #T1
7/23/2024 2:37:01 PM,Mode changed to: #AUT
7/23/2024 4:32:18 PM,Mode changed to: #T1
7/23/2024 4:41:27 PM,Mode changed to: #AUT
7/24/2024 6:41:35 AM,Mode changed to: #T1
7/24/2024 8:59:30 AM,Mode changed to: #AUT
7/24/2024 9:01:21 AM,Mode changed to: #T1
7/24/2024 9:01:30 AM,Mode changed to: #AUT
7/24/2024 10:43:53 AM,Mode changed to: #AUT
7/24/2024 10:44:12 AM,Mode changed to: #T1
7/24/2024 10:53:36 AM,Mode changed to: #AUT
7/24/2024 3:02:31 PM,Mode changed to: #T1
7/24/2024 3:05:56 PM,Mode changed to: #AUT
7/24/2024 6:56:09 PM,Mode changed to: #T1
7/25/2024 8:51:20 AM,Mode changed to: #T1
7/25/2024 9:01:05 AM,Mode changed to: #AUT
7/25/2024 9:52:53 AM,Mode changed to: #T1
7/25/2024 9:53:16 AM,Mode changed to: #AUT
7/25/2024 9:53:21 AM,Mode changed to: #T1
7/25/2024 9:53:34 AM,Mode changed to: #AUT
7/25/2024 11:56:15 AM,Mode changed to: #T1
7/25/2024 11:56:51 AM,Mode changed to: #AUT
7/25/2024 1:56:55 PM,Mode changed to: #T1
7/25/2024 2:06:02 PM,Mode changed to: #AUT
7/25/2024 4:47:23 PM,Mode changed to: #T1
7/25/2024 4:48:21 PM,Mode changed to: #AUT
7/25/2024 6:25:01 PM,Mode changed to: #T1
7/25/2024 6:25:54 PM,Mode changed to: #AUT
7/25/2024 7:59:34 PM,Mode changed to: #T1
7/25/2024 7:59:45 PM,Mode changed to: #AUT
7/25/2024 7:59:52 PM,Mode changed to: #T1
7/25/2024 8:01:10 PM,Mode changed to: #AUT
7/25/2024 8:01:30 PM,Mode changed to: #T1
7/25/2024 8:03:27 PM,Mode changed to: #AUT
7/25/2024 8:15:15 PM,Mode changed to: #T1
7/25/2024 8:20:37 PM,Mode changed to: #AUT
7/26/2024 5:54:54 AM,Mode changed to: #T1
7/26/2024 6:41:51 AM,Mode changed to: #AUT
7/26/2024 6:42:29 AM,Mode changed to: #T1
7/26/2024 6:43:54 AM,Mode changed to: #AUT
7/26/2024 6:46:58 AM,Mode changed to: #T1
7/26/2024 6:50:39 AM,Mode changed to: #AUT
7/26/2024 10:49:25 AM,Mode changed to: #T1
7/26/2024 3:23:06 PM,Mode changed to: #AUT
7/26/2024 3:23:41 PM,Mode changed to: #T1
7/26/2024 3:25:14 PM,Mode changed to: #AUT
7/26/2024 5:42:43 PM,Mode changed to: #T1
7/27/2024 6:21:01 AM,Mode changed to: #T1
7/27/2024 6:33:33 AM,Mode changed to: #AUT
7/27/2024 7:36:39 AM,Mode changed to: #T1
7/27/2024 7:46:28 AM,Mode changed to: #AUT
7/27/2024 8:43:53 AM,Mode changed to: #T1
7/27/2024 8:49:32 AM,Mode changed to: #AUT
7/27/2024 8:50:30 AM,Mode changed to: #T1
7/27/2024 9:57:20 AM,Mode changed to: #AUT
7/27/2024 12:10:15 PM,Mode changed to: #T1
7/29/2024 3:10:33 PM,Mode changed to: #T1
8/1/2024 5:48:59 AM,Mode changed to: #T1
8/1/2024 4:12:30 PM,Mode changed to: #AUT
8/1/2024 4:56:55 PM,Mode changed to: #T1
8/2/2024 9:53:55 AM,Mode changed to: #T1
8/2/2024 10:50:08 AM,Mode changed to: #AUT
8/2/2024 3:29:25 PM,Mode changed to: #T1
8/2/2024 3:34:45 PM,Mode changed to: #AUT
8/2/2024 4:18:38 PM,Mode changed to: #T1
8/2/2024 4:31:08 PM,Mode changed to: #AUT
8/3/2024 5:12:52 AM,Mode changed to: #T1
8/3/2024 5:43:22 AM,Mode changed to: #AUT
8/3/2024 6:54:02 AM,Mode changed to: #T1
8/6/2024 6:32:19 AM,Mode changed to: #T1
8/6/2024 6:57:21 AM,Mode changed to: #T1
8/6/2024 7:15:32 AM,Mode changed to: #T1
8/7/2024 10:58:35 AM,Mode changed to: #T1
8/7/2024 3:13:59 PM,Mode changed to: #AUT
8/7/2024 3:14:59 PM,Mode changed to: #T1
8/7/2024 4:01:26 PM,Mode changed to: #T1
8/7/2024 4:04:21 PM,Mode changed to: #AUT
8/8/2024 6:29:46 AM,Mode changed to: #T1
8/8/2024 7:12:59 AM,Mode changed to: #AUT
8/8/2024 9:54:31 AM,Mode changed to: #T1
8/8/2024 10:08:05 AM,Mode changed to: #AUT
8/8/2024 11:07:03 AM,Mode changed to: #T1
8/8/2024 11:54:53 AM,Mode changed to: #AUT
8/8/2024 12:15:44 PM,Mode changed to: #T1
8/8/2024 12:21:06 PM,Mode changed to: #AUT
8/8/2024 1:54:58 PM,Mode changed to: #T1
8/8/2024 2:00:32 PM,Mode changed to: #AUT
8/8/2024 4:26:07 PM,Mode changed to: #T1
8/9/2024 11:35:51 AM,Mode changed to: #T1
8/9/2024 12:39:57 PM,Mode changed to: #AUT
8/9/2024 12:40:12 PM,Mode changed to: #T1
8/9/2024 12:44:40 PM,Mode changed to: #AUT
8/9/2024 12:51:12 PM,Mode changed to: #T1
8/9/2024 12:52:01 PM,Mode changed to: #AUT
8/9/2024 1:26:28 PM,Mode changed to: #T1
8/9/2024 2:08:27 PM,Mode changed to: #AUT
8/9/2024 2:15:07 PM,Mode changed to: #T1
8/9/2024 2:26:23 PM,Mode changed to: #AUT
8/9/2024 2:32:47 PM,Mode changed to: #T1
8/9/2024 2:34:54 PM,Mode changed to: #AUT
8/9/2024 5:45:22 PM,Mode changed to: #T1
8/12/2024 9:15:12 AM,Mode changed to: #T1
8/12/2024 10:33:24 AM,Mode changed to: #AUT
8/12/2024 1:22:25 PM,Mode changed to: #T1
8/12/2024 1:22:47 PM,Mode changed to: #AUT
8/12/2024 1:23:01 PM,Mode changed to: #T1
8/12/2024 1:24:05 PM,Mode changed to: #AUT
8/12/2024 1:31:20 PM,Mode changed to: #T1
8/12/2024 1:40:20 PM,Mode changed to: #AUT
8/12/2024 4:51:55 PM,Mode changed to: #T1
8/12/2024 4:59:24 PM,Mode changed to: #AUT
8/13/2024 6:07:40 AM,Mode changed to: #T1
8/13/2024 6:17:37 AM,Mode changed to: #AUT
8/13/2024 8:13:13 AM,Mode changed to: #T1
8/13/2024 8:23:03 AM,Mode changed to: #AUT
8/13/2024 8:44:49 AM,Mode changed to: #T1
8/13/2024 8:47:37 AM,Mode changed to: #AUT
8/13/2024 10:25:53 AM,Mode changed to: #T1
8/13/2024 10:44:58 AM,Mode changed to: #AUT
8/13/2024 11:57:56 AM,Mode changed to: #T1
8/13/2024 12:11:34 PM,Mode changed to: #AUT
8/13/2024 12:48:36 PM,Mode changed to: #T1
8/13/2024 12:51:26 PM,Mode changed to: #AUT
8/13/2024 1:13:12 PM,Mode changed to: #T1
8/13/2024 1:13:31 PM,Mode changed to: #AUT
8/13/2024 1:44:53 PM,Mode changed to: #T1
8/13/2024 2:04:37 PM,Mode changed to: #AUT
8/13/2024 2:19:23 PM,Mode changed to: #T1
8/14/2024 8:00:49 AM,Mode changed to: #T1
8/14/2024 8:44:46 AM,Mode changed to: #AUT
8/14/2024 4:18:28 PM,Mode changed to: #T1
8/19/2024 6:52:21 AM,Mode changed to: #T1
8/19/2024 7:19:28 AM,Mode changed to: #AUT
8/19/2024 7:58:05 AM,Mode changed to: #T1
8/19/2024 7:58:50 AM,Mode changed to: #AUT
8/19/2024 6:09:29 PM,Mode changed to: #T1
8/19/2024 6:12:44 PM,Mode changed to: #AUT
8/19/2024 7:11:30 PM,Mode changed to: #T1
8/19/2024 7:29:53 PM,Mode changed to: #AUT
8/20/2024 9:29:33 AM,Mode changed to: #T1
8/20/2024 9:30:31 AM,Mode changed to: #AUT
8/20/2024 3:13:49 PM,Mode changed to: #T1
8/21/2024 1:47:21 PM,Mode changed to: #T1
8/22/2024 10:35:14 AM,Mode changed to: #T1
8/26/2024 5:10:02 PM,Mode changed to: #T1
8/27/2024 11:10:23 AM,Mode changed to: #T1
8/27/2024 5:41:58 PM,Mode changed to: #AUT
8/28/2024 12:00:47 PM,Mode changed to: #T1
8/28/2024 12:02:59 PM,Mode changed to: #AUT
8/28/2024 7:39:27 PM,Mode changed to: #T1
8/28/2024 7:48:10 PM,Mode changed to: #AUT
8/29/2024 6:44:11 AM,Mode changed to: #T1
8/29/2024 6:44:19 AM,Mode changed to: #AUT
8/29/2024 6:44:43 AM,Mode changed to: #T1
8/29/2024 6:45:05 AM,Mode changed to: #AUT
8/29/2024 10:30:27 PM,Mode changed to: #T1
8/29/2024 10:36:36 PM,Mode changed to: #AUT
8/30/2024 7:39:17 PM,Mode changed to: #T1
8/30/2024 7:45:11 PM,Mode changed to: #AUT
8/31/2024 6:20:46 AM,Mode changed to: #T1
8/31/2024 7:08:20 AM,Mode changed to: #AUT
9/1/2024 8:39:59 AM,Mode changed to: #T1
9/1/2024 8:46:43 AM,Mode changed to: #AUT
9/1/2024 8:47:03 AM,Mode changed to: #T1
9/1/2024 8:53:15 AM,Mode changed to: #AUT
9/1/2024 9:09:59 AM,Mode changed to: #T1
9/1/2024 9:14:23 AM,Mode changed to: #AUT
9/2/2024 6:33:19 AM,Mode changed to: #T1
9/2/2024 7:20:03 AM,Mode changed to: #T2
9/2/2024 7:20:15 AM,Mode changed to: #EX
9/2/2024 7:20:23 AM,Mode changed to: #T1
9/2/2024 7:39:06 AM,Mode changed to: #T1
9/3/2024 1:00:25 PM,Mode changed to: #AUT
9/3/2024 5:53:44 PM,Mode changed to: #T1
9/3/2024 6:00:14 PM,Mode changed to: #AUT
9/4/2024 4:13:38 PM,Mode changed to: #T1
9/4/2024 4:21:16 PM,Mode changed to: #AUT
9/5/2024 7:24:31 AM,Mode changed to: #T1
9/5/2024 7:25:27 AM,Mode changed to: #AUT
9/5/2024 1:57:39 PM,Mode changed to: #T1
9/6/2024 1:31:03 PM,Mode changed to: #T1
9/6/2024 3:18:38 PM,Mode changed to: #AUT
9/7/2024 8:44:31 PM,Mode changed to: #T1
9/8/2024 6:18:15 PM,Mode changed to: #T1
9/10/2024 6:31:45 AM,Mode changed to: #T1
9/11/2024 12:53:44 PM,Mode changed to: #T1
9/19/2024 9:36:50 AM,Mode changed to: #T1
9/19/2024 11:28:16 AM,Mode changed to: #INVALID
9/19/2024 11:28:17 AM,Mode changed to: #T1
9/19/2024 11:42:31 AM,Mode changed to: #T1
9/19/2024 4:05:12 PM,Mode changed to: #T1
9/20/2024 10:59:27 AM,Mode changed to: #T1
9/20/2024 12:48:45 PM,Mode changed to: #T1
9/20/2024 12:58:51 PM,Mode changed to: #AUT
9/20/2024 12:59:14 PM,Mode changed to: #T1
9/20/2024 12:59:35 PM,Mode changed to: #AUT
9/20/2024 1:00:01 PM,Mode changed to: #T1
9/20/2024 1:00:16 PM,Mode changed to: #AUT
9/20/2024 1:00:48 PM,Mode changed to: #T1
9/23/2024 10:06:40 AM,Mode changed to: #T1
9/23/2024 3:58:23 PM,Mode changed to: #AUT
9/23/2024 4:06:50 PM,Mode changed to: #T1
9/23/2024 4:26:13 PM,Mode changed to: #AUT
9/23/2024 4:26:29 PM,Mode changed to: #T1
9/23/2024 4:26:43 PM,Mode changed to: #AUT
9/23/2024 4:41:01 PM,Mode changed to: #T1
9/23/2024 5:11:26 PM,Mode changed to: #AUT
9/23/2024 5:28:28 PM,Mode changed to: #T1
9/23/2024 5:46:38 PM,Mode changed to: #AUT
9/23/2024 5:47:18 PM,Mode changed to: #T1
9/23/2024 5:47:39 PM,Mode changed to: #AUT
9/23/2024 5:55:44 PM,Mode changed to: #T1
9/23/2024 5:56:05 PM,Mode changed to: #AUT
9/23/2024 5:56:42 PM,Mode changed to: #T1
9/23/2024 5:58:09 PM,Mode changed to: #AUT
9/24/2024 8:22:24 AM,Mode changed to: #T1
9/24/2024 1:44:34 PM,Mode changed to: #AUT
9/24/2024 1:44:49 PM,Mode changed to: #T1
9/24/2024 2:12:00 PM,Mode changed to: #AUT
9/24/2024 2:19:39 PM,Mode changed to: #T1
9/24/2024 2:20:54 PM,Mode changed to: #AUT
9/24/2024 2:21:22 PM,Mode changed to: #T1
9/24/2024 2:23:00 PM,Mode changed to: #AUT
9/25/2024 6:24:23 AM,Mode changed to: #T1
9/25/2024 6:38:00 AM,Mode changed to: #AUT
9/26/2024 12:11:59 AM,Mode changed to: #T1
9/26/2024 12:15:28 AM,Mode changed to: #AUT
9/27/2024 5:46:29 AM,Mode changed to: #T1
9/27/2024 5:52:01 AM,Mode changed to: #AUT
9/27/2024 7:49:58 AM,Mode changed to: #T1
9/27/2024 7:50:56 AM,Mode changed to: #AUT
9/27/2024 9:28:55 AM,Mode changed to: #T1
9/27/2024 9:29:37 AM,Mode changed to: #AUT
9/27/2024 10:09:53 AM,Mode changed to: #T1
9/27/2024 10:10:26 AM,Mode changed to: #AUT
9/27/2024 10:15:25 AM,Mode changed to: #T1
9/27/2024 10:16:00 AM,Mode changed to: #AUT
9/27/2024 10:23:02 AM,Mode changed to: #T1
9/27/2024 10:23:10 AM,Mode changed to: #AUT
9/28/2024 7:19:06 AM,Mode changed to: #T1
9/28/2024 7:28:30 AM,Mode changed to: #AUT
9/29/2024 8:19:06 PM,Mode changed to: #T1
9/29/2024 8:30:09 PM,Mode changed to: #AUT
9/30/2024 7:03:04 AM,Mode changed to: #T1
9/30/2024 7:15:58 AM,Mode changed to: #AUT
9/30/2024 8:13:17 AM,Mode changed to: #T1
9/30/2024 8:25:45 AM,Mode changed to: #AUT
9/30/2024 8:27:25 AM,Mode changed to: #T1
9/30/2024 8:29:36 AM,Mode changed to: #AUT
9/30/2024 2:14:46 PM,Mode changed to: #T1
9/30/2024 2:33:53 PM,Mode changed to: #AUT
9/30/2024 2:34:26 PM,Mode changed to: #T1
9/30/2024 2:36:05 PM,Mode changed to: #AUT
10/2/2024 7:17:35 AM,Mode changed to: #T1
10/2/2024 7:18:28 AM,Mode changed to: #AUT
10/2/2024 7:18:33 AM,Mode changed to: #T1
10/2/2024 8:54:46 AM,Mode changed to: #AUT
10/2/2024 5:25:08 PM,Mode changed to: #T1
10/2/2024 5:34:57 PM,Mode changed to: #AUT
10/3/2024 6:08:01 AM,Mode changed to: #T1
10/3/2024 7:22:19 AM,Mode changed to: #AUT
10/3/2024 8:51:36 AM,Mode changed to: #T1
10/3/2024 11:22:59 AM,Mode changed to: #AUT
10/4/2024 7:12:44 AM,Mode changed to: #T1
10/4/2024 7:13:14 AM,Mode changed to: #AUT
10/4/2024 11:55:54 AM,Mode changed to: #T1
10/4/2024 1:53:57 PM,Mode changed to: #AUT
10/4/2024 3:06:37 PM,Mode changed to: #T1
10/4/2024 3:52:57 PM,Mode changed to: #AUT
10/4/2024 7:05:51 PM,Mode changed to: #T1
10/4/2024 7:10:44 PM,Mode changed to: #AUT
10/5/2024 6:57:59 AM,Mode changed to: #T1
10/5/2024 8:08:41 AM,Mode changed to: #AUT
10/5/2024 9:56:52 AM,Mode changed to: #T1
10/5/2024 10:01:19 AM,Mode changed to: #AUT
10/5/2024 11:26:04 AM,Mode changed to: #T1
10/5/2024 11:28:01 AM,Mode changed to: #AUT
10/5/2024 1:54:41 PM,Mode changed to: #T1
10/5/2024 1:59:28 PM,Mode changed to: #AUT
10/5/2024 5:45:30 PM,Mode changed to: #T1
10/5/2024 5:50:22 PM,Mode changed to: #AUT
10/6/2024 6:59:22 PM,Mode changed to: #T1
10/7/2024 6:56:47 AM,Mode changed to: #T1
10/7/2024 7:05:42 AM,Mode changed to: #AUT
10/7/2024 11:41:39 AM,Mode changed to: #T1
10/7/2024 12:09:59 PM,Mode changed to: #AUT
10/7/2024 1:47:46 PM,Mode changed to: #T1
10/7/2024 2:04:35 PM,Mode changed to: #AUT
10/7/2024 4:32:46 PM,Mode changed to: #T1
10/7/2024 4:50:32 PM,Mode changed to: #AUT
10/7/2024 4:51:29 PM,Mode changed to: #T1
10/7/2024 4:54:12 PM,Mode changed to: #AUT
10/7/2024 6:26:34 PM,Mode changed to: #T1
10/8/2024 5:18:27 AM,Mode changed to: #T1
10/8/2024 5:57:19 AM,Mode changed to: #AUT
10/8/2024 8:06:56 AM,Mode changed to: #T1
10/8/2024 8:12:46 AM,Mode changed to: #AUT
10/8/2024 11:12:05 AM,Mode changed to: #T1
10/8/2024 11:54:04 AM,Mode changed to: #AUT
10/8/2024 12:10:25 PM,Mode changed to: #T1
10/8/2024 12:11:07 PM,Mode changed to: #AUT
10/8/2024 1:05:15 PM,Mode changed to: #T1
10/8/2024 1:06:08 PM,Mode changed to: #AUT
10/8/2024 1:17:20 PM,Mode changed to: #T1
10/8/2024 1:18:27 PM,Mode changed to: #AUT
10/8/2024 1:48:15 PM,Mode changed to: #T1
10/8/2024 1:49:00 PM,Mode changed to: #AUT
10/8/2024 2:20:41 PM,Mode changed to: #T1
10/8/2024 2:21:04 PM,Mode changed to: #AUT
10/9/2024 10:31:33 AM,Mode changed to: #T1
10/9/2024 11:28:17 AM,Mode changed to: #AUT
10/9/2024 11:32:16 AM,Mode changed to: #T1
10/9/2024 11:33:02 AM,Mode changed to: #AUT
10/9/2024 1:41:44 PM,Mode changed to: #T1
10/9/2024 4:15:23 PM,Mode changed to: #AUT
10/9/2024 4:15:38 PM,Mode changed to: #T1
10/9/2024 4:15:45 PM,Mode changed to: #AUT
10/9/2024 4:16:19 PM,Mode changed to: #T1
10/9/2024 4:17:37 PM,Mode changed to: #AUT
10/9/2024 5:39:58 PM,Mode changed to: #T1
10/9/2024 7:08:26 PM,Mode changed to: #AUT
10/10/2024 7:13:24 AM,Mode changed to: #T1
10/10/2024 7:28:08 AM,Mode changed to: #AUT
10/10/2024 12:22:23 PM,Mode changed to: #T1
10/10/2024 1:17:12 PM,Mode changed to: #AUT
10/10/2024 2:42:20 PM,Mode changed to: #T1
10/10/2024 2:50:50 PM,Mode changed to: #AUT
10/10/2024 4:07:51 PM,Mode changed to: #T1
10/10/2024 4:53:53 PM,Mode changed to: #AUT
10/11/2024 6:50:31 AM,Mode changed to: #T1
10/11/2024 8:00:04 AM,Mode changed to: #AUT
10/11/2024 11:00:28 AM,Mode changed to: #T1
10/15/2024 5:49:02 AM,Mode changed to: #T1
10/18/2024 9:21:14 AM,Mode changed to: #T1
10/21/2024 7:01:05 AM,Mode changed to: #T1
10/21/2024 9:47:49 AM,Mode changed to: #AUT
10/21/2024 3:01:24 PM,Mode changed to: #T1
10/21/2024 3:53:46 PM,Mode changed to: #AUT
10/21/2024 9:25:44 PM,Mode changed to: #T1
10/22/2024 7:21:53 AM,Mode changed to: #T1
10/22/2024 7:34:25 AM,Mode changed to: #AUT
10/22/2024 7:59:38 AM,Mode changed to: #T1
10/22/2024 10:39:45 AM,Mode changed to: #AUT
10/22/2024 11:23:54 AM,Mode changed to: #T1
10/22/2024 11:46:28 AM,Mode changed to: #AUT
10/22/2024 12:24:15 PM,Mode changed to: #T1
10/22/2024 1:39:56 PM,Mode changed to: #AUT
10/22/2024 2:04:12 PM,Mode changed to: #T1
10/22/2024 2:09:46 PM,Mode changed to: #AUT
10/22/2024 8:36:17 PM,Mode changed to: #T1
10/23/2024 7:17:54 AM,Mode changed to: #T1
10/23/2024 7:32:22 AM,Mode changed to: #AUT
10/23/2024 8:53:38 AM,Mode changed to: #T1
10/23/2024 8:55:55 AM,Mode changed to: #AUT
10/23/2024 1:09:35 PM,Mode changed to: #T1
10/23/2024 1:15:24 PM,Mode changed to: #AUT
10/23/2024 2:55:23 PM,Mode changed to: #T1
10/23/2024 3:00:19 PM,Mode changed to: #AUT
10/23/2024 4:45:43 PM,Mode changed to: #T1
10/23/2024 4:54:00 PM,Mode changed to: #AUT
10/23/2024 6:37:09 PM,Mode changed to: #T1
10/24/2024 6:44:59 AM,Mode changed to: #T1
10/24/2024 6:54:59 AM,Mode changed to: #AUT
10/24/2024 9:31:33 AM,Mode changed to: #T1
10/24/2024 9:44:18 AM,Mode changed to: #AUT
10/24/2024 11:25:27 AM,Mode changed to: #T1
10/24/2024 11:34:14 AM,Mode changed to: #AUT
10/24/2024 1:10:21 PM,Mode changed to: #T1
10/24/2024 2:40:31 PM,Mode changed to: #AUT
10/24/2024 4:21:14 PM,Mode changed to: #T1
10/28/2024 4:50:59 PM,Mode changed to: #T1
10/29/2024 7:05:48 AM,Mode changed to: #T1
10/29/2024 7:38:12 AM,Mode changed to: #AUT
10/29/2024 7:39:12 AM,Mode changed to: #T1
10/29/2024 7:58:58 AM,Mode changed to: #AUT
10/29/2024 8:48:12 AM,Mode changed to: #T1
10/29/2024 7:21:54 PM,Mode changed to: #AUT
10/29/2024 7:26:51 PM,Mode changed to: #T1
10/29/2024 8:06:17 PM,Mode changed to: #AUT
10/29/2024 8:12:50 PM,Mode changed to: #T1
10/30/2024 7:22:01 AM,Mode changed to: #T1
10/30/2024 10:57:40 AM,Mode changed to: #AUT
10/31/2024 10:55:36 AM,Mode changed to: #T1
10/31/2024 11:02:24 AM,Mode changed to: #AUT
10/31/2024 2:02:42 PM,Mode changed to: #T1
10/31/2024 2:04:51 PM,Mode changed to: #AUT
10/31/2024 2:12:57 PM,Mode changed to: #T1
10/31/2024 2:15:15 PM,Mode changed to: #AUT
10/31/2024 9:17:40 PM,Mode changed to: #T1
10/31/2024 9:28:24 PM,Mode changed to: #AUT
11/1/2024 7:02:14 AM,Mode changed to: #T1
11/1/2024 7:07:47 AM,Mode changed to: #AUT
11/1/2024 7:08:02 AM,Mode changed to: #T1
11/1/2024 7:08:27 AM,Mode changed to: #AUT
11/1/2024 7:22:00 AM,Mode changed to: #T1
11/1/2024 7:25:16 AM,Mode changed to: #AUT
11/1/2024 11:21:36 AM,Mode changed to: #T1
11/1/2024 11:25:56 AM,Mode changed to: #AUT
11/1/2024 1:20:29 PM,Mode changed to: #T1
11/1/2024 1:24:34 PM,Mode changed to: #AUT
11/1/2024 3:02:51 PM,Mode changed to: #T1
11/1/2024 3:26:05 PM,Mode changed to: #AUT
11/1/2024 5:53:33 PM,Mode changed to: #T1
11/1/2024 5:56:03 PM,Mode changed to: #AUT
11/1/2024 5:57:12 PM,Mode changed to: #T1
11/1/2024 5:57:30 PM,Mode changed to: #AUT
11/1/2024 5:57:47 PM,Mode changed to: #T1
11/1/2024 5:58:08 PM,Mode changed to: #AUT
11/1/2024 5:58:31 PM,Mode changed to: #T1
11/1/2024 5:59:02 PM,Mode changed to: #AUT
11/1/2024 5:59:40 PM,Mode changed to: #T1
11/1/2024 6:00:01 PM,Mode changed to: #AUT
11/1/2024 6:00:30 PM,Mode changed to: #T1
11/1/2024 6:03:15 PM,Mode changed to: #AUT
11/2/2024 4:17:54 PM,Mode changed to: #T1
11/4/2024 7:13:23 AM,Mode changed to: #T1
11/4/2024 9:09:16 AM,Mode changed to: #AUT
11/4/2024 10:56:38 AM,Mode changed to: #T1
11/4/2024 12:04:04 PM,Mode changed to: #T1
11/6/2024 7:18:02 AM,Mode changed to: #T1
11/6/2024 9:20:36 AM,Mode changed to: #AUT
11/6/2024 9:54:57 AM,Mode changed to: #T1
11/6/2024 1:51:42 PM,Mode changed to: #AUT
11/6/2024 3:43:01 PM,Mode changed to: #T1
11/6/2024 3:45:55 PM,Mode changed to: #AUT
11/7/2024 7:03:03 AM,Mode changed to: #T1
11/7/2024 7:39:39 AM,Mode changed to: #AUT
11/7/2024 8:41:46 AM,Mode changed to: #T1
11/7/2024 9:14:07 AM,Mode changed to: #AUT
11/7/2024 10:45:07 AM,Mode changed to: #T1
11/7/2024 12:23:30 PM,Mode changed to: #AUT
11/7/2024 2:14:48 PM,Mode changed to: #T1
11/7/2024 2:16:17 PM,Mode changed to: #AUT
11/7/2024 5:08:18 PM,Mode changed to: #T1
11/8/2024 7:19:44 AM,Mode changed to: #T1
11/8/2024 7:36:10 AM,Mode changed to: #AUT
11/8/2024 8:27:02 AM,Mode changed to: #T1
11/8/2024 8:34:03 AM,Mode changed to: #AUT
11/8/2024 8:57:57 AM,Mode changed to: #T1
11/8/2024 9:01:02 AM,Mode changed to: #AUT
11/8/2024 10:44:27 AM,Mode changed to: #T1
11/8/2024 11:12:35 AM,Mode changed to: #AUT
11/8/2024 11:12:46 AM,Mode changed to: #T1
11/8/2024 11:13:52 AM,Mode changed to: #AUT
11/8/2024 1:58:44 PM,Mode changed to: #T1
11/11/2024 10:37:35 AM,Mode changed to: #T1
11/11/2024 10:45:01 AM,Mode changed to: #AUT
11/11/2024 11:40:22 AM,Mode changed to: #T1
11/11/2024 2:52:14 PM,Mode changed to: #AUT
11/11/2024 2:53:13 PM,Mode changed to: #T1
11/11/2024 3:05:59 PM,Mode changed to: #AUT
11/11/2024 3:06:37 PM,Mode changed to: #T1
11/11/2024 3:29:04 PM,Mode changed to: #AUT
11/11/2024 3:29:15 PM,Mode changed to: #T1
11/11/2024 3:29:24 PM,Mode changed to: #AUT
11/11/2024 5:38:35 PM,Mode changed to: #T1
11/12/2024 9:25:18 AM,Mode changed to: #T1
11/12/2024 11:28:12 AM,Mode changed to: #AUT
11/13/2024 7:48:33 AM,Mode changed to: #T1
11/13/2024 9:29:12 AM,Mode changed to: #AUT
11/13/2024 12:30:56 PM,Mode changed to: #T1
11/13/2024 12:40:12 PM,Mode changed to: #AUT
11/13/2024 3:52:36 PM,Mode changed to: #T1
11/13/2024 3:55:43 PM,Mode changed to: #AUT
11/13/2024 6:50:06 PM,Mode changed to: #T1
11/14/2024 9:04:12 AM,Mode changed to: #T1
11/14/2024 10:35:42 AM,Mode changed to: #AUT
11/14/2024 12:50:57 PM,Mode changed to: #T1
11/14/2024 12:58:20 PM,Mode changed to: #AUT
11/15/2024 10:06:17 AM,Mode changed to: #T1
11/15/2024 2:32:52 PM,Mode changed to: #AUT
11/15/2024 2:33:42 PM,Mode changed to: #T1
11/15/2024 3:32:42 PM,Mode changed to: #AUT
11/15/2024 3:35:03 PM,Mode changed to: #T1
11/15/2024 3:38:18 PM,Mode changed to: #AUT
11/15/2024 3:40:16 PM,Mode changed to: #T1
11/15/2024 3:50:02 PM,Mode changed to: #AUT
11/18/2024 8:47:28 AM,Mode changed to: #T1
11/18/2024 9:46:49 AM,Mode changed to: #AUT
11/18/2024 10:58:28 AM,Mode changed to: #T1
11/18/2024 11:07:20 AM,Mode changed to: #AUT
11/18/2024 2:14:07 PM,Mode changed to: #T1
11/18/2024 2:50:47 PM,Mode changed to: #AUT
11/18/2024 2:57:04 PM,Mode changed to: #T1
11/18/2024 3:13:51 PM,Mode changed to: #AUT
11/18/2024 4:56:57 PM,Mode changed to: #T1
11/19/2024 8:46:43 AM,Mode changed to: #T1
11/19/2024 10:22:49 AM,Mode changed to: #AUT
11/19/2024 12:30:04 PM,Mode changed to: #T1
11/19/2024 12:49:58 PM,Mode changed to: #AUT
11/19/2024 2:49:25 PM,Mode changed to: #T1
11/20/2024 12:49:08 PM,Mode changed to: #T1
11/20/2024 3:56:26 PM,Mode changed to: #AUT
11/21/2024 8:43:41 AM,Mode changed to: #T1
11/21/2024 9:09:43 AM,Mode changed to: #AUT
11/21/2024 9:55:15 PM,Mode changed to: #AUT
11/22/2024 9:21:03 AM,Mode changed to: #T1
11/22/2024 9:46:19 AM,Mode changed to: #AUT
11/22/2024 9:47:50 AM,Mode changed to: #T1
11/22/2024 9:49:37 AM,Mode changed to: #AUT
11/22/2024 1:29:04 PM,Mode changed to: #T1
11/22/2024 1:34:14 PM,Mode changed to: #AUT
11/22/2024 4:33:08 PM,Mode changed to: #T1
11/22/2024 5:04:08 PM,Mode changed to: #AUT
11/23/2024 11:30:21 AM,Mode changed to: #T1
11/25/2024 6:59:55 AM,Mode changed to: #T1
11/25/2024 7:39:44 AM,Mode changed to: #AUT
11/25/2024 10:49:12 AM,Mode changed to: #T1
11/25/2024 11:54:05 AM,Mode changed to: #AUT
11/25/2024 12:48:47 PM,Mode changed to: #T1
11/25/2024 12:54:21 PM,Mode changed to: #AUT
11/25/2024 3:31:51 PM,Mode changed to: #T1
11/25/2024 4:12:34 PM,Mode changed to: #AUT
11/26/2024 5:48:39 AM,Mode changed to: #T1
11/26/2024 6:48:53 AM,Mode changed to: #AUT
11/26/2024 8:33:20 AM,Mode changed to: #T1
11/26/2024 8:39:13 AM,Mode changed to: #AUT
11/26/2024 2:44:52 PM,Mode changed to: #T1
11/26/2024 2:59:03 PM,Mode changed to: #T1
11/26/2024 3:07:34 PM,Mode changed to: #AUT
11/26/2024 3:13:05 PM,Mode changed to: #T1
11/26/2024 3:14:57 PM,Mode changed to: #AUT
11/26/2024 5:13:33 PM,Mode changed to: #T1
11/27/2024 7:54:13 AM,Mode changed to: #T1
11/27/2024 6:14:31 PM,Mode changed to: #AUT
11/27/2024 6:14:53 PM,Mode changed to: #T1
11/27/2024 6:17:11 PM,Mode changed to: #AUT
11/28/2024 11:05:25 AM,Mode changed to: #T1
11/28/2024 11:20:57 AM,Mode changed to: #AUT
11/28/2024 6:46:29 PM,Mode changed to: #T1
11/28/2024 6:54:17 PM,Mode changed to: #AUT
11/29/2024 7:37:28 AM,Mode changed to: #T1
11/29/2024 8:02:15 AM,Mode changed to: #AUT
11/29/2024 2:53:55 PM,Mode changed to: #T1
11/29/2024 3:00:16 PM,Mode changed to: #AUT
11/29/2024 3:01:04 PM,Mode changed to: #T1
11/29/2024 3:02:38 PM,Mode changed to: #AUT
11/30/2024 6:47:24 AM,Mode changed to: #T1
11/30/2024 7:03:32 AM,Mode changed to: #AUT
11/30/2024 10:05:04 AM,Mode changed to: #T1
11/30/2024 10:24:36 AM,Mode changed to: #AUT
11/30/2024 11:25:32 AM,Mode changed to: #T1
11/30/2024 12:22:54 PM,Mode changed to: #AUT
11/30/2024 12:23:22 PM,Mode changed to: #T1
11/30/2024 12:33:24 PM,Mode changed to: #AUT
11/30/2024 7:01:18 PM,Mode changed to: #T1
11/30/2024 7:02:25 PM,Mode changed to: #AUT
11/30/2024 7:02:45 PM,Mode changed to: #T1
12/2/2024 8:53:00 AM,Mode changed to: #T1
12/2/2024 9:59:19 AM,Mode changed to: #AUT
12/2/2024 1:23:02 PM,Mode changed to: #T1
12/2/2024 1:53:40 PM,Mode changed to: #AUT
12/2/2024 6:50:16 PM,Mode changed to: #T1
12/2/2024 6:55:40 PM,Mode changed to: #AUT
12/3/2024 6:42:47 AM,Mode changed to: #T1
12/3/2024 7:20:30 AM,Mode changed to: #AUT
12/3/2024 10:27:06 AM,Mode changed to: #T1
12/3/2024 10:36:11 AM,Mode changed to: #AUT
12/3/2024 11:54:25 AM,Mode changed to: #T1
12/3/2024 11:55:22 AM,Mode changed to: #AUT
12/3/2024 6:20:28 PM,Mode changed to: #T1
12/3/2024 7:28:15 PM,Mode changed to: #T1
12/4/2024 6:37:25 AM,Mode changed to: #T1
12/4/2024 2:05:58 PM,Mode changed to: #T1
12/4/2024 2:09:48 PM,Mode changed to: #AUT
12/4/2024 3:33:15 PM,Mode changed to: #T1
12/4/2024 3:33:37 PM,Mode changed to: #AUT
12/4/2024 4:04:43 PM,Mode changed to: #T1
12/4/2024 4:05:02 PM,Mode changed to: #AUT
12/4/2024 6:04:31 PM,Mode changed to: #T1
12/4/2024 6:13:41 PM,Mode changed to: #AUT
12/4/2024 6:28:40 PM,Mode changed to: #T1
12/4/2024 6:29:00 PM,Mode changed to: #AUT
12/5/2024 7:31:33 AM,Mode changed to: #T1
12/5/2024 7:32:28 AM,Mode changed to: #AUT
12/5/2024 9:50:26 AM,Mode changed to: #T1
12/5/2024 9:50:48 AM,Mode changed to: #AUT
12/5/2024 11:59:55 AM,Mode changed to: #T1
12/5/2024 12:01:05 PM,Mode changed to: #AUT
12/5/2024 3:41:07 PM,Mode changed to: #T1
12/5/2024 4:31:00 PM,Mode changed to: #AUT
12/5/2024 4:43:32 PM,Mode changed to: #T1
12/5/2024 4:45:13 PM,Mode changed to: #AUT
12/6/2024 6:34:26 AM,Mode changed to: #T1
12/6/2024 6:34:58 AM,Mode changed to: #AUT
12/6/2024 11:18:00 AM,Mode changed to: #T1
12/6/2024 11:23:34 AM,Mode changed to: #AUT
12/6/2024 12:32:04 PM,Mode changed to: #T1
12/6/2024 12:32:11 PM,Mode changed to: #AUT
12/6/2024 12:32:46 PM,Mode changed to: #T1
12/6/2024 12:47:03 PM,Mode changed to: #AUT
12/6/2024 1:41:57 PM,Mode changed to: #T1
12/6/2024 1:44:09 PM,Mode changed to: #AUT
12/6/2024 2:41:40 PM,Mode changed to: #T1
12/6/2024 3:52:02 PM,Mode changed to: #AUT
12/6/2024 3:52:17 PM,Mode changed to: #T1
12/6/2024 3:53:47 PM,Mode changed to: #AUT
12/6/2024 7:28:41 PM,Mode changed to: #AUT
12/7/2024 6:34:56 AM,Mode changed to: #T1
12/7/2024 6:37:48 AM,Mode changed to: #AUT
12/7/2024 7:23:10 PM,Mode changed to: #T1
12/7/2024 7:25:40 PM,Mode changed to: #AUT
12/8/2024 8:09:49 AM,Mode changed to: #T1
12/9/2024 6:34:32 AM,Mode changed to: #T1
12/9/2024 8:48:42 AM,Mode changed to: #AUT
12/10/2024 6:29:25 AM,Mode changed to: #T1
12/10/2024 6:44:30 AM,Mode changed to: #AUT
12/10/2024 9:36:34 AM,Mode changed to: #T1
12/10/2024 9:37:01 AM,Mode changed to: #AUT
12/10/2024 4:31:54 PM,Mode changed to: #T1
12/10/2024 4:39:21 PM,Mode changed to: #AUT
12/11/2024 6:52:38 AM,Mode changed to: #T1
12/11/2024 8:09:43 AM,Mode changed to: #AUT
12/11/2024 2:26:04 PM,Mode changed to: #T1
12/12/2024 6:21:31 AM,Mode changed to: #T1
12/12/2024 7:15:21 AM,Mode changed to: #AUT
12/12/2024 9:00:31 AM,Mode changed to: #T1
12/12/2024 9:34:29 AM,Mode changed to: #AUT
12/12/2024 11:03:03 AM,Mode changed to: #T1
12/12/2024 11:43:05 AM,Mode changed to: #AUT
12/12/2024 12:45:12 PM,Mode changed to: #T1
12/12/2024 12:53:35 PM,Mode changed to: #AUT
12/12/2024 1:29:29 PM,Mode changed to: #T1
12/16/2024 2:28:56 PM,Mode changed to: #T1
12/16/2024 2:48:20 PM,Mode changed to: #AUT
12/16/2024 2:48:39 PM,Mode changed to: #T1
12/16/2024 2:50:00 PM,Mode changed to: #AUT
12/17/2024 6:26:08 AM,Mode changed to: #T1
12/17/2024 6:41:30 AM,Mode changed to: #AUT
12/17/2024 7:21:44 AM,Mode changed to: #T1
12/17/2024 10:28:35 AM,Mode changed to: #AUT
12/17/2024 10:59:07 AM,Mode changed to: #T1
12/17/2024 10:59:25 AM,Mode changed to: #AUT
12/17/2024 11:01:52 AM,Mode changed to: #T1
12/17/2024 11:02:17 AM,Mode changed to: #AUT
12/17/2024 11:02:26 AM,Mode changed to: #T1
12/17/2024 11:02:37 AM,Mode changed to: #AUT
12/17/2024 11:03:19 AM,Mode changed to: #T1
12/17/2024 11:04:40 AM,Mode changed to: #AUT
12/18/2024 10:02:58 AM,Mode changed to: #T1
12/18/2024 10:12:14 AM,Mode changed to: #AUT
12/18/2024 6:43:49 PM,Mode changed to: #T1
12/18/2024 6:45:44 PM,Mode changed to: #AUT
12/19/2024 9:45:32 AM,Mode changed to: #T1
12/19/2024 10:37:42 AM,Mode changed to: #AUT
12/20/2024 7:23:10 AM,Mode changed to: #T1
12/20/2024 1:03:20 PM,Mode changed to: #AUT
12/20/2024 1:03:35 PM,Mode changed to: #T1
12/20/2024 1:05:23 PM,Mode changed to: #AUT
12/20/2024 2:22:29 PM,Mode changed to: #T1
12/21/2024 6:44:22 AM,Mode changed to: #T1
12/21/2024 6:46:59 AM,Mode changed to: #AUT
12/22/2024 8:35:29 AM,Mode changed to: #T1
12/22/2024 8:47:29 AM,Mode changed to: #AUT
12/22/2024 5:16:26 PM,Mode changed to: #T1
1/7/2025 9:05:10 AM,Mode changed to: #T1
1/7/2025 10:14:38 AM,Mode changed to: #AUT
1/7/2025 1:50:53 PM,Mode changed to: #T1
1/7/2025 3:42:16 PM,Mode changed to: #AUT
1/8/2025 7:30:29 AM,Mode changed to: #T1
1/8/2025 7:38:14 AM,Mode changed to: #AUT
1/8/2025 7:38:32 AM,Mode changed to: #T1
1/8/2025 7:38:37 AM,Mode changed to: #AUT
1/8/2025 1:45:14 PM,Mode changed to: #T1
1/8/2025 1:46:29 PM,Mode changed to: #AUT
1/9/2025 7:33:15 AM,Mode changed to: #T1
1/9/2025 10:32:08 AM,Mode changed to: #AUT
1/9/2025 3:04:27 PM,Mode changed to: #T1
1/9/2025 3:07:14 PM,Mode changed to: #AUT
1/9/2025 3:30:19 PM,Mode changed to: #T1
1/9/2025 3:50:40 PM,Mode changed to: #AUT
1/10/2025 7:16:49 AM,Mode changed to: #T1
1/10/2025 7:17:38 AM,Mode changed to: #AUT
1/10/2025 8:19:45 AM,Mode changed to: #T1
1/10/2025 3:11:54 PM,Mode changed to: #AUT
1/10/2025 3:12:41 PM,Mode changed to: #T1
1/10/2025 3:13:57 PM,Mode changed to: #AUT
1/10/2025 7:05:16 PM,Mode changed to: #T1
1/11/2025 10:48:16 AM,Mode changed to: #AUT
1/11/2025 6:49:30 PM,Mode changed to: #T1
1/11/2025 6:59:17 PM,Mode changed to: #AUT
1/12/2025 6:50:40 PM,Mode changed to: #T1
1/12/2025 6:58:37 PM,Mode changed to: #AUT
1/12/2025 7:14:30 PM,Mode changed to: #T1
1/12/2025 7:21:05 PM,Mode changed to: #AUT
1/12/2025 7:31:34 PM,Mode changed to: #T1
1/13/2025 11:25:00 AM,Mode changed to: #T1
1/13/2025 1:26:04 PM,Mode changed to: #AUT
1/13/2025 7:27:21 PM,Mode changed to: #T1
1/13/2025 7:32:17 PM,Mode changed to: #AUT
1/13/2025 8:11:00 PM,Mode changed to: #T1
1/13/2025 8:16:48 PM,Mode changed to: #AUT
1/14/2025 8:45:16 AM,Mode changed to: #T1
1/14/2025 9:35:41 AM,Mode changed to: #AUT
1/14/2025 10:09:21 AM,Mode changed to: #T1
1/14/2025 12:24:15 PM,Mode changed to: #AUT
1/14/2025 2:14:23 PM,Mode changed to: #T1
1/14/2025 2:18:58 PM,Mode changed to: #AUT
1/15/2025 7:54:06 AM,Mode changed to: #T1
1/15/2025 8:51:39 AM,Mode changed to: #AUT
1/15/2025 4:23:45 PM,Mode changed to: #T1
1/15/2025 4:41:38 PM,Mode changed to: #AUT
1/15/2025 5:54:27 PM,Mode changed to: #T1
1/15/2025 5:59:15 PM,Mode changed to: #AUT
1/16/2025 6:48:31 AM,Mode changed to: #T1
1/16/2025 7:21:33 AM,Mode changed to: #AUT
1/16/2025 1:14:35 PM,Mode changed to: #T1
1/17/2025 8:42:52 AM,Mode changed to: #T1
1/17/2025 10:59:10 AM,Mode changed to: #AUT
1/17/2025 12:06:05 PM,Mode changed to: #T1
1/17/2025 12:08:14 PM,Mode changed to: #AUT
1/18/2025 6:30:49 AM,Mode changed to: #T1
1/18/2025 6:53:25 AM,Mode changed to: #AUT
1/18/2025 6:53:38 AM,Mode changed to: #T1
1/18/2025 6:54:29 AM,Mode changed to: #AUT
1/19/2025 8:58:41 AM,Mode changed to: #T1
1/19/2025 9:33:48 AM,Mode changed to: #T1
1/19/2025 9:57:59 AM,Mode changed to: #T1
1/20/2025 9:36:14 AM,Mode changed to: #T1
1/20/2025 10:15:00 AM,Mode changed to: #AUT
1/20/2025 3:59:02 PM,Mode changed to: #T1
1/20/2025 4:03:03 PM,Mode changed to: #AUT
1/21/2025 6:46:43 AM,Mode changed to: #T1
1/21/2025 12:44:23 PM,Mode changed to: #AUT
1/23/2025 8:23:05 AM,Mode changed to: #T1
1/23/2025 8:26:53 AM,Mode changed to: #AUT
1/23/2025 2:26:17 PM,Mode changed to: #T1
1/23/2025 2:31:54 PM,Mode changed to: #AUT
1/23/2025 2:49:43 PM,Mode changed to: #T1
1/23/2025 2:57:47 PM,Mode changed to: #AUT
1/23/2025 4:17:43 PM,Mode changed to: #T1
1/23/2025 4:18:42 PM,Mode changed to: #AUT
1/24/2025 3:54:51 PM,Mode changed to: #T1
1/24/2025 4:01:32 PM,Mode changed to: #AUT
1/25/2025 6:58:11 AM,Mode changed to: #T1
1/25/2025 7:24:42 AM,Mode changed to: #AUT
1/25/2025 7:49:51 AM,Mode changed to: #T1
1/27/2025 11:14:44 AM,Mode changed to: #T1
1/27/2025 11:48:50 AM,Mode changed to: #AUT
1/27/2025 1:57:01 PM,Mode changed to: #T1
1/28/2025 7:47:49 AM,Mode changed to: #T1
1/28/2025 8:28:57 AM,Mode changed to: #AUT
1/28/2025 8:29:12 AM,Mode changed to: #T1
1/28/2025 8:30:11 AM,Mode changed to: #AUT
1/28/2025 9:56:14 AM,Mode changed to: #T1
1/28/2025 1:26:56 PM,Mode changed to: #AUT
1/28/2025 3:36:10 PM,Mode changed to: #T1
1/28/2025 3:41:03 PM,Mode changed to: #AUT
1/29/2025 6:23:56 AM,Mode changed to: #T1
1/29/2025 12:43:57 PM,Mode changed to: #AUT
1/29/2025 12:47:45 PM,Mode changed to: #T1
1/29/2025 12:52:00 PM,Mode changed to: #AUT
1/29/2025 12:52:04 PM,Mode changed to: #T1
1/29/2025 12:52:13 PM,Mode changed to: #AUT
1/29/2025 5:27:33 PM,Mode changed to: #T1
1/29/2025 5:27:47 PM,Mode changed to: #AUT
1/29/2025 5:27:55 PM,Mode changed to: #T1
1/29/2025 5:29:21 PM,Mode changed to: #AUT
1/29/2025 5:30:16 PM,Mode changed to: #T1
1/29/2025 5:35:28 PM,Mode changed to: #AUT
1/30/2025 7:45:25 AM,Mode changed to: #T1
1/30/2025 8:31:22 AM,Mode changed to: #AUT
1/30/2025 10:56:20 AM,Mode changed to: #T1
1/30/2025 11:37:33 AM,Mode changed to: #AUT
1/30/2025 12:15:02 PM,Mode changed to: #T1
1/30/2025 12:59:31 PM,Mode changed to: #AUT
1/30/2025 2:53:26 PM,Mode changed to: #T1
1/30/2025 2:54:48 PM,Mode changed to: #AUT
1/30/2025 2:55:14 PM,Mode changed to: #T1
1/30/2025 2:56:06 PM,Mode changed to: #AUT
1/30/2025 3:54:45 PM,Mode changed to: #T1
1/30/2025 5:27:30 PM,Mode changed to: #AUT
1/30/2025 5:27:54 PM,Mode changed to: #T1
1/31/2025 7:32:11 AM,Mode changed to: #T1
1/31/2025 9:48:18 AM,Mode changed to: #AUT
1/31/2025 1:34:18 PM,Mode changed to: #T1
2/1/2025 6:59:03 AM,Mode changed to: #T1
2/1/2025 7:56:49 AM,Mode changed to: #AUT
2/2/2025 8:04:48 AM,Mode changed to: #T1
2/2/2025 2:19:37 PM,Mode changed to: #T1
2/2/2025 2:38:47 PM,Mode changed to: #AUT
2/3/2025 8:14:11 AM,Mode changed to: #T1
2/3/2025 9:10:53 AM,Mode changed to: #AUT
2/3/2025 10:11:18 AM,Mode changed to: #T1
2/3/2025 10:13:06 AM,Mode changed to: #AUT
2/3/2025 3:43:23 PM,Mode changed to: #T1
2/3/2025 3:46:47 PM,Mode changed to: #AUT
2/3/2025 3:56:24 PM,Mode changed to: #T1
2/3/2025 4:04:33 PM,Mode changed to: #AUT
2/3/2025 6:46:44 PM,Mode changed to: #T1
2/3/2025 6:52:48 PM,Mode changed to: #AUT
2/5/2025 9:49:39 AM,Mode changed to: #T1
2/5/2025 10:04:03 AM,Mode changed to: #AUT
2/6/2025 6:46:14 AM,Mode changed to: #T1
2/6/2025 7:11:51 AM,Mode changed to: #AUT
2/6/2025 5:30:31 PM,Mode changed to: #T1
2/6/2025 5:43:48 PM,Mode changed to: #AUT
2/6/2025 5:45:04 PM,Mode changed to: #T1
2/6/2025 5:45:12 PM,Mode changed to: #AUT
2/7/2025 7:34:14 AM,Mode changed to: #T1
2/7/2025 5:04:01 PM,Mode changed to: #AUT
2/8/2025 12:57:42 PM,Mode changed to: #T1
2/8/2025 1:02:41 PM,Mode changed to: #AUT
2/9/2025 9:39:04 AM,Mode changed to: #T1
2/10/2025 8:59:00 AM,Mode changed to: #T1
2/10/2025 9:29:24 AM,Mode changed to: #AUT
2/10/2025 10:03:06 AM,Mode changed to: #T1
2/10/2025 11:03:32 AM,Mode changed to: #AUT
2/10/2025 12:21:01 PM,Mode changed to: #T1
2/10/2025 12:24:26 PM,Mode changed to: #AUT
2/10/2025 2:23:03 PM,Mode changed to: #T1
2/10/2025 2:24:12 PM,Mode changed to: #AUT
2/10/2025 2:25:21 PM,Mode changed to: #T1
2/10/2025 2:31:05 PM,Mode changed to: #AUT
2/10/2025 5:26:56 PM,Mode changed to: #T1
2/10/2025 5:38:44 PM,Mode changed to: #AUT
2/11/2025 7:24:29 AM,Mode changed to: #T1
2/11/2025 9:53:25 AM,Mode changed to: #AUT
2/11/2025 1:21:12 PM,Mode changed to: #T1
2/17/2025 8:53:32 AM,Mode changed to: #T1
2/17/2025 9:17:03 AM,Mode changed to: #AUT
2/17/2025 10:36:41 AM,Mode changed to: #T1
2/17/2025 2:07:22 PM,Mode changed to: #AUT
2/17/2025 2:08:04 PM,Mode changed to: #T1
2/17/2025 2:09:09 PM,Mode changed to: #AUT
2/18/2025 8:54:15 AM,Mode changed to: #T1
2/18/2025 9:22:12 AM,Mode changed to: #AUT
2/18/2025 11:27:54 AM,Mode changed to: #T1
2/18/2025 12:11:29 PM,Mode changed to: #AUT
2/18/2025 2:41:53 PM,Mode changed to: #T1
2/18/2025 3:47:28 PM,Mode changed to: #AUT
2/18/2025 5:46:21 PM,Mode changed to: #T1
2/19/2025 5:42:59 AM,Mode changed to: #T1
2/19/2025 7:07:07 AM,Mode changed to: #AUT
2/19/2025 7:07:57 AM,Mode changed to: #T1
2/19/2025 7:33:15 AM,Mode changed to: #AUT
2/19/2025 10:54:00 AM,Mode changed to: #T1
2/19/2025 11:05:34 AM,Mode changed to: #AUT
2/19/2025 1:16:34 PM,Mode changed to: #T1
2/19/2025 1:19:24 PM,Mode changed to: #AUT
2/19/2025 2:59:23 PM,Mode changed to: #T1
2/19/2025 3:18:12 PM,Mode changed to: #AUT
2/19/2025 4:21:40 PM,Mode changed to: #T1
2/19/2025 4:24:54 PM,Mode changed to: #AUT
2/19/2025 6:00:24 PM,Mode changed to: #T1
2/19/2025 6:09:12 PM,Mode changed to: #AUT
2/19/2025 6:21:12 PM,Mode changed to: #T1
2/24/2025 12:42:28 PM,Mode changed to: #T1
2/24/2025 4:59:20 PM,Mode changed to: #AUT
2/25/2025 7:32:42 AM,Mode changed to: #T1
2/25/2025 7:33:20 AM,Mode changed to: #AUT
2/25/2025 8:43:46 AM,Mode changed to: #T1
2/25/2025 12:23:23 PM,Mode changed to: #AUT
2/26/2025 6:44:48 AM,Mode changed to: #T1
2/26/2025 7:37:47 AM,Mode changed to: #AUT
2/26/2025 7:38:18 AM,Mode changed to: #T1
2/26/2025 7:39:51 AM,Mode changed to: #AUT
2/27/2025 6:16:33 AM,Mode changed to: #T1
2/27/2025 6:51:16 AM,Mode changed to: #AUT
2/27/2025 3:55:41 PM,Mode changed to: #T1
2/27/2025 4:10:17 PM,Mode changed to: #AUT
2/28/2025 9:08:55 AM,Mode changed to: #T1
3/3/2025 11:27:26 AM,Mode changed to: #T1
3/4/2025 6:49:01 AM,Mode changed to: #T1
3/4/2025 9:26:29 AM,Mode changed to: #AUT
3/6/2025 6:00:00 AM,Mode changed to: #T1
3/6/2025 6:36:42 AM,Mode changed to: #AUT
3/6/2025 2:40:24 PM,Mode changed to: #T1
3/6/2025 2:46:00 PM,Mode changed to: #AUT
3/6/2025 2:57:18 PM,Mode changed to: #T1
3/6/2025 3:03:14 PM,Mode changed to: #AUT
3/7/2025 6:02:54 AM,Mode changed to: #T1
3/7/2025 7:20:17 AM,Mode changed to: #AUT
3/8/2025 5:51:16 AM,Mode changed to: #T1
3/8/2025 9:40:59 AM,Mode changed to: #AUT
3/9/2025 6:19:50 AM,Mode changed to: #T1
3/10/2025 1:45:11 PM,Mode changed to: #T1
3/10/2025 3:55:19 PM,Mode changed to: #AUT
3/11/2025 5:23:33 AM,Mode changed to: #T1
3/11/2025 5:35:08 AM,Mode changed to: #AUT
3/11/2025 11:30:21 AM,Mode changed to: #T1
3/11/2025 11:39:06 AM,Mode changed to: #AUT
3/11/2025 4:03:50 PM,Mode changed to: #T1
3/11/2025 4:06:36 PM,Mode changed to: #AUT
3/11/2025 11:33:58 PM,Mode changed to: #AUT
3/12/2025 5:17:56 AM,Mode changed to: #T1
3/12/2025 5:24:25 AM,Mode changed to: #AUT
3/12/2025 8:31:58 AM,Mode changed to: #T1
3/12/2025 8:57:59 AM,Mode changed to: #AUT
3/12/2025 10:36:48 AM,Mode changed to: #T1
3/13/2025 10:14:53 AM,Mode changed to: #T1
3/13/2025 3:54:47 PM,Mode changed to: #AUT
3/14/2025 5:49:14 AM,Mode changed to: #T1
3/14/2025 6:01:16 AM,Mode changed to: #AUT
3/14/2025 6:04:44 PM,Mode changed to: #T1
3/14/2025 6:08:50 PM,Mode changed to: #AUT
3/15/2025 5:11:03 AM,Mode changed to: #T1
3/15/2025 6:11:29 AM,Mode changed to: #AUT
3/15/2025 7:20:55 AM,Mode changed to: #T1
3/17/2025 5:28:55 PM,Mode changed to: #T1
3/18/2025 7:31:19 AM,Mode changed to: #T1
3/18/2025 8:08:51 AM,Mode changed to: #AUT
3/18/2025 10:17:12 AM,Mode changed to: #T1
3/18/2025 10:21:45 AM,Mode changed to: #AUT
3/18/2025 12:25:45 PM,Mode changed to: #T1
3/18/2025 12:44:36 PM,Mode changed to: #AUT
3/18/2025 2:52:14 PM,Mode changed to: #T1
3/18/2025 2:54:39 PM,Mode changed to: #AUT
3/18/2025 3:55:39 PM,Mode changed to: #T1
3/19/2025 9:37:42 AM,Mode changed to: #T1
3/19/2025 1:29:25 PM,Mode changed to: #AUT
3/19/2025 1:33:11 PM,Mode changed to: #T1
3/19/2025 1:34:20 PM,Mode changed to: #AUT
3/19/2025 5:12:13 PM,Mode changed to: #T1
3/19/2025 5:15:36 PM,Mode changed to: #AUT
3/20/2025 6:46:24 AM,Mode changed to: #T1
3/20/2025 8:29:33 AM,Mode changed to: #AUT
3/20/2025 11:31:09 AM,Mode changed to: #T1
3/20/2025 11:53:13 AM,Mode changed to: #AUT
3/20/2025 12:41:42 PM,Mode changed to: #T1
3/20/2025 12:47:47 PM,Mode changed to: #AUT
3/20/2025 4:17:02 PM,Mode changed to: #T1
3/21/2025 9:12:17 AM,Mode changed to: #T1
3/21/2025 10:36:50 AM,Mode changed to: #AUT
3/21/2025 3:09:47 PM,Mode changed to: #T1
3/21/2025 3:18:02 PM,Mode changed to: #AUT
3/22/2025 5:16:13 AM,Mode changed to: #T1
3/24/2025 4:24:53 PM,Mode changed to: #T1
3/25/2025 8:01:53 AM,Mode changed to: #T1
3/25/2025 12:01:36 PM,Mode changed to: #AUT
3/25/2025 2:54:47 PM,Mode changed to: #T1
3/25/2025 3:04:18 PM,Mode changed to: #AUT
3/25/2025 4:08:27 PM,Mode changed to: #T1
3/25/2025 4:12:06 PM,Mode changed to: #AUT
3/25/2025 4:19:28 PM,Mode changed to: #T1
3/25/2025 4:20:29 PM,Mode changed to: #AUT
3/25/2025 4:31:01 PM,Mode changed to: #T1
3/26/2025 1:54:17 PM,Mode changed to: #T1
3/26/2025 5:30:06 PM,Mode changed to: #AUT
3/26/2025 5:30:40 PM,Mode changed to: #T1
3/26/2025 5:32:24 PM,Mode changed to: #AUT
3/27/2025 6:02:24 AM,Mode changed to: #T1
3/27/2025 9:01:13 AM,Mode changed to: #AUT
3/27/2025 1:15:34 PM,Mode changed to: #T1
3/27/2025 1:18:55 PM,Mode changed to: #AUT
3/28/2025 5:55:50 AM,Mode changed to: #T1
3/28/2025 10:03:01 AM,Mode changed to: #AUT
3/28/2025 12:47:42 PM,Mode changed to: #T1
3/28/2025 12:50:11 PM,Mode changed to: #AUT
3/28/2025 4:55:00 PM,Mode changed to: #T1
3/29/2025 7:13:43 AM,Mode changed to: #AUT
3/29/2025 7:15:06 AM,Mode changed to: #T1
3/29/2025 7:17:34 AM,Mode changed to: #AUT
3/29/2025 10:40:09 AM,Mode changed to: #T1
3/29/2025 10:47:09 AM,Mode changed to: #AUT
3/29/2025 3:11:26 PM,Mode changed to: #T1
3/29/2025 3:35:32 PM,Mode changed to: #AUT
3/29/2025 7:23:11 PM,Mode changed to: #T1
3/29/2025 7:26:31 PM,Mode changed to: #AUT
3/29/2025 7:34:39 PM,Mode changed to: #T1
3/29/2025 7:45:02 PM,Mode changed to: #AUT
3/30/2025 11:14:50 AM,Mode changed to: #T1
3/31/2025 7:38:55 AM,Mode changed to: #T1
3/31/2025 8:02:14 AM,Mode changed to: #AUT
3/31/2025 1:07:26 PM,Mode changed to: #T1
4/1/2025 11:48:19 AM,Mode changed to: #T1
4/1/2025 2:06:11 PM,Mode changed to: #AUT
4/1/2025 7:59:16 PM,Mode changed to: #T1
4/1/2025 8:11:27 PM,Mode changed to: #AUT
4/2/2025 6:59:28 AM,Mode changed to: #T1
4/2/2025 8:05:52 AM,Mode changed to: #AUT
4/2/2025 12:04:47 PM,Mode changed to: #T1
4/2/2025 12:11:32 PM,Mode changed to: #AUT
4/2/2025 4:01:40 PM,Mode changed to: #T1
4/2/2025 4:13:28 PM,Mode changed to: #AUT
4/3/2025 6:34:40 AM,Mode changed to: #T1
4/3/2025 6:55:52 AM,Mode changed to: #AUT
4/3/2025 12:43:42 PM,Mode changed to: #T1
4/3/2025 7:06:21 PM,Mode changed to: #AUT
4/4/2025 6:09:19 AM,Mode changed to: #T1
4/4/2025 6:53:06 AM,Mode changed to: #AUT
4/4/2025 12:48:58 PM,Mode changed to: #T1
4/4/2025 12:57:20 PM,Mode changed to: #AUT
4/4/2025 5:13:36 PM,Mode changed to: #T1
4/4/2025 5:24:06 PM,Mode changed to: #AUT
4/5/2025 7:39:22 AM,Mode changed to: #T1
4/7/2025 1:58:09 PM,Mode changed to: #T1
4/7/2025 2:54:43 PM,Mode changed to: #AUT
4/7/2025 3:08:08 PM,Mode changed to: #T1
4/7/2025 3:09:20 PM,Mode changed to: #AUT
4/7/2025 4:13:06 PM,Mode changed to: #T1
4/7/2025 5:05:23 PM,Mode changed to: #AUT
4/8/2025 6:10:46 AM,Mode changed to: #T1
4/8/2025 6:33:12 AM,Mode changed to: #AUT
4/8/2025 6:42:47 AM,Mode changed to: #T1
4/8/2025 7:07:58 AM,Mode changed to: #AUT
4/8/2025 7:08:36 AM,Mode changed to: #T1
4/8/2025 7:16:08 AM,Mode changed to: #AUT
4/8/2025 7:52:20 AM,Mode changed to: #T1
4/8/2025 7:52:56 AM,Mode changed to: #AUT
4/8/2025 9:00:12 AM,Mode changed to: #T1
4/8/2025 10:33:35 AM,Mode changed to: #AUT
4/8/2025 10:34:50 AM,Mode changed to: #T1
4/8/2025 10:35:50 AM,Mode changed to: #AUT
4/8/2025 12:30:51 PM,Mode changed to: #T1
4/8/2025 12:31:24 PM,Mode changed to: #AUT
4/9/2025 6:19:38 AM,Mode changed to: #T1
4/10/2025 7:16:42 AM,Mode changed to: #T1
4/10/2025 9:30:48 AM,Mode changed to: #AUT
4/10/2025 7:40:21 PM,Mode changed to: #T1
4/10/2025 7:44:25 PM,Mode changed to: #AUT
4/11/2025 8:42:27 AM,Mode changed to: #T1
4/11/2025 9:37:07 AM,Mode changed to: #AUT
4/11/2025 1:21:33 PM,Mode changed to: #T1
4/11/2025 1:23:59 PM,Mode changed to: #AUT
4/11/2025 6:09:43 PM,Mode changed to: #T1
4/11/2025 6:10:51 PM,Mode changed to: #AUT
4/11/2025 7:04:29 PM,Mode changed to: #T1
4/12/2025 7:47:20 AM,Mode changed to: #T1
4/12/2025 8:39:23 AM,Mode changed to: #AUT
4/12/2025 8:44:44 AM,Mode changed to: #T1
4/12/2025 8:46:01 AM,Mode changed to: #AUT
4/12/2025 10:26:30 AM,Mode changed to: #T1
4/15/2025 6:57:24 AM,Mode changed to: #T1
4/15/2025 9:53:21 AM,Mode changed to: #AUT
4/15/2025 10:08:09 AM,Mode changed to: #T1
4/17/2025 7:34:31 AM,Mode changed to: #T1
4/17/2025 11:03:08 AM,Mode changed to: #AUT
4/17/2025 11:03:50 AM,Mode changed to: #T1
4/17/2025 11:05:09 AM,Mode changed to: #AUT
4/17/2025 6:02:02 PM,Mode changed to: #T1
4/17/2025 6:02:43 PM,Mode changed to: #AUT
4/18/2025 7:18:42 AM,Mode changed to: #T1
4/18/2025 7:36:01 AM,Mode changed to: #AUT
4/18/2025 10:57:48 AM,Mode changed to: #T1
4/18/2025 11:02:36 AM,Mode changed to: #AUT
4/19/2025 8:43:48 AM,Mode changed to: #T1
4/22/2025 10:10:21 AM,Mode changed to: #T1
4/22/2025 3:48:54 PM,Mode changed to: #AUT
4/22/2025 5:52:53 PM,Mode changed to: #T1
4/22/2025 5:56:48 PM,Mode changed to: #AUT
4/22/2025 5:57:13 PM,Mode changed to: #T1
4/22/2025 6:05:16 PM,Mode changed to: #AUT
4/22/2025 6:05:46 PM,Mode changed to: #T1
4/22/2025 6:06:57 PM,Mode changed to: #AUT
4/23/2025 6:55:53 AM,Mode changed to: #T1
4/23/2025 7:49:37 AM,Mode changed to: #T1
4/23/2025 8:23:16 AM,Mode changed to: #AUT
4/23/2025 10:38:53 AM,Mode changed to: #T1
4/23/2025 11:04:00 AM,Mode changed to: #AUT
4/23/2025 1:11:16 PM,Mode changed to: #T1
4/24/2025 7:13:15 AM,Mode changed to: #T1
4/24/2025 3:01:01 PM,Mode changed to: #AUT
4/24/2025 3:01:17 PM,Mode changed to: #T1
4/24/2025 3:02:02 PM,Mode changed to: #AUT
4/25/2025 7:49:38 AM,Mode changed to: #T1
4/25/2025 8:11:38 AM,Mode changed to: #AUT
4/26/2025 6:38:43 AM,Mode changed to: #T1
4/26/2025 6:51:18 AM,Mode changed to: #AUT
4/27/2025 6:12:24 AM,Mode changed to: #T1
4/27/2025 6:30:13 AM,Mode changed to: #AUT
4/28/2025 7:25:20 AM,Mode changed to: #T1
4/28/2025 10:19:23 AM,Mode changed to: #AUT
4/28/2025 6:00:07 PM,Mode changed to: #T1
4/28/2025 6:01:21 PM,Mode changed to: #AUT
4/29/2025 5:27:12 AM,Mode changed to: #T1
4/29/2025 6:03:52 AM,Mode changed to: #AUT
4/29/2025 1:56:42 PM,Mode changed to: #T1
4/29/2025 1:58:34 PM,Mode changed to: #AUT
4/30/2025 7:17:51 AM,Mode changed to: #T1
4/30/2025 7:56:49 AM,Mode changed to: #AUT
4/30/2025 8:13:32 AM,Mode changed to: #T1
4/30/2025 8:18:54 AM,Mode changed to: #AUT
4/30/2025 11:12:38 AM,Mode changed to: #T1
4/30/2025 11:20:06 AM,Mode changed to: #AUT
4/30/2025 2:42:43 PM,Mode changed to: #T1
4/30/2025 2:54:38 PM,Mode changed to: #AUT
5/1/2025 6:56:47 AM,Mode changed to: #T1
5/1/2025 7:22:24 AM,Mode changed to: #AUT
5/2/2025 6:26:02 AM,Mode changed to: #T1
5/2/2025 7:50:06 AM,Mode changed to: #AUT
5/2/2025 7:50:24 AM,Mode changed to: #T1
5/2/2025 7:52:55 AM,Mode changed to: #AUT
5/2/2025 2:48:44 PM,Mode changed to: #T1
5/2/2025 2:56:59 PM,Mode changed to: #AUT
5/2/2025 2:57:34 PM,Mode changed to: #T1
5/2/2025 3:01:01 PM,Mode changed to: #AUT
5/3/2025 7:25:56 AM,Mode changed to: #T1
5/7/2025 10:16:00 AM,Mode changed to: #T1
5/7/2025 10:34:29 AM,Mode changed to: #T1
5/8/2025 6:52:11 AM,Mode changed to: #T1
5/9/2025 11:48:07 AM,Mode changed to: #T1
5/9/2025 5:31:29 PM,Mode changed to: #AUT
5/10/2025 7:15:42 AM,Mode changed to: #T1
5/10/2025 7:22:23 AM,Mode changed to: #AUT
5/12/2025 7:24:57 AM,Mode changed to: #T1
5/13/2025 8:20:45 AM,Mode changed to: #T1
5/13/2025 8:35:21 AM,Mode changed to: #AUT
5/13/2025 10:27:47 AM,Mode changed to: #T1
5/13/2025 10:38:43 AM,Mode changed to: #AUT
5/13/2025 12:22:35 PM,Mode changed to: #T1
5/13/2025 12:23:25 PM,Mode changed to: #AUT
5/13/2025 1:37:58 PM,Mode changed to: #T1
5/14/2025 6:21:29 AM,Mode changed to: #T1
5/14/2025 3:18:50 PM,Mode changed to: #AUT
5/14/2025 3:18:53 PM,Mode changed to: #T1
5/14/2025 5:29:47 PM,Mode changed to: #AUT
5/15/2025 2:59:23 PM,Mode changed to: #T1
5/15/2025 3:01:16 PM,Mode changed to: #AUT
5/15/2025 6:04:27 PM,Mode changed to: #T1
5/15/2025 6:36:47 PM,Mode changed to: #AUT
5/16/2025 7:21:26 PM,Mode changed to: #T1
5/16/2025 7:23:33 PM,Mode changed to: #AUT
5/16/2025 7:27:00 PM,Mode changed to: #T1
5/16/2025 7:29:16 PM,Mode changed to: #AUT
5/16/2025 7:29:26 PM,Mode changed to: #T1
5/16/2025 7:30:05 PM,Mode changed to: #AUT
