9/23/2020 1:34:00 PM,Loaded file:E:\00222936.src
9/23/2020 1:34:03 PM,Starting program:E:\00222936.src
9/23/2020 1:34:09 PM,Completed program: E:\00222936.src
9/23/2020 1:38:24 PM,Loaded file:K:\00222936.src
9/23/2020 1:39:26 PM,Loaded file:K:\00222936.src
9/23/2020 1:39:27 PM,Starting program:K:\00222936.src
9/23/2020 1:39:31 PM,Completed program: K:\00222936.src
9/23/2020 1:39:52 PM,Loaded file:K:\00222936.src
9/23/2020 1:39:53 PM,Starting program:K:\00222936.src
9/23/2020 1:39:57 PM,Completed program: K:\00222936.src
9/23/2020 1:41:05 PM,Loaded file:K:\00222936.src
9/23/2020 1:41:06 PM,Starting program:K:\00222936.src
9/23/2020 1:41:10 PM,Completed program: K:\00222936.src
9/23/2020 1:48:29 PM,Loaded file:K:\00222936.src
9/23/2020 1:48:29 PM,Starting program:K:\00222936.src
9/23/2020 1:48:33 PM,Completed program: K:\00222936.src
9/23/2020 1:55:39 PM,Loaded file:K:\00222936.src
9/23/2020 1:55:40 PM,Starting program:K:\00222936.src
9/23/2020 1:56:24 PM,Completed program: K:\00222936.src
9/23/2020 2:01:23 PM,Loaded file:K:\00222936.src
9/23/2020 2:01:24 PM,Starting program:K:\00222936.src
9/23/2020 2:02:15 PM,Completed program: K:\00222936.src
9/23/2020 2:09:51 PM,Loaded file:K:\00222936.src
9/23/2020 2:09:52 PM,Starting program:K:\00222936.src
9/23/2020 2:10:38 PM,Completed program: K:\00222936.src
9/23/2020 2:17:59 PM,Loaded file:K:\00222936.src
9/23/2020 2:18:00 PM,Starting program:K:\00222936.src
9/23/2020 2:18:52 PM,Completed program: K:\00222936.src
9/23/2020 2:29:46 PM,Loaded file:K:\00222936.src
9/23/2020 2:29:47 PM,Starting program:K:\00222936.src
9/23/2020 2:36:32 PM,Loaded file:K:\00222936.src
9/23/2020 2:36:33 PM,Starting program:K:\00222936.src
9/23/2020 2:37:42 PM,Loaded file:K:\00222936.src
9/23/2020 2:37:43 PM,Starting program:K:\00222936.src
9/23/2020 2:46:29 PM,Loaded file:K:\00222936.src
9/23/2020 2:46:30 PM,Starting program:K:\00222936.src
9/23/2020 3:06:25 PM,Loaded file:K:\00222936.src
9/23/2020 3:06:26 PM,Starting program:K:\00222936.src
9/23/2020 4:24:33 PM,Loaded file:K:\00222936.src
9/23/2020 4:24:34 PM,Starting program:K:\00222936.src
9/23/2020 4:26:42 PM,Completed program: K:\00222936.src
9/23/2020 4:28:47 PM,Loaded file:K:\00222936.src
9/23/2020 4:28:48 PM,Starting program:K:\00222936.src
9/23/2020 4:30:37 PM,Completed program: K:\00222936.src
9/23/2020 4:35:24 PM,Loaded file:K:\00222936.src
9/23/2020 4:35:25 PM,Starting program:K:\00222936.src
9/23/2020 4:37:22 PM,Completed program: K:\00222936.src
9/23/2020 4:40:10 PM,Loaded file:K:\00222936.src
9/23/2020 4:40:11 PM,Starting program:K:\00222936.src
9/23/2020 4:42:50 PM,Completed program: K:\00222936.src
9/24/2020 6:03:06 PM,Loaded file:K:\00222936.src
9/24/2020 6:03:17 PM,Starting program:K:\00222936.src
9/24/2020 6:05:40 PM,Completed program: K:\00222936.src
9/24/2020 6:24:59 PM,Loaded file:K:\00222936.src
9/24/2020 6:25:06 PM,Starting program:K:\00222936.src
9/24/2020 6:30:25 PM,Loaded file:K:\00222936.src
9/24/2020 6:30:31 PM,Starting program:K:\00222936.src
9/24/2020 6:32:01 PM,Completed program: K:\00222936.src
6/25/2024 4:44:43 PM,Loaded file:E:\NoName.src
6/25/2024 4:44:47 PM,Starting program:E:\NoName.src
6/25/2024 5:13:38 PM,Loaded file:E:\NoName.src
6/25/2024 5:13:41 PM,Starting program:E:\NoName.src
6/25/2024 5:29:24 PM,Loaded file:E:\NoName2.src
6/25/2024 5:29:26 PM,Starting program:E:\NoName2.src
6/25/2024 5:38:17 PM,Completed program: E:\NoName2.src
6/27/2024 3:16:42 PM,Loaded file:E:\Mary_Virgin_Statue.src
6/27/2024 3:17:02 PM,Starting program:E:\Mary_Virgin_Statue.src
6/27/2024 3:45:15 PM,Loaded file:E:\Mary_Virgin_Statue.src
6/27/2024 3:45:34 PM,Starting program:E:\Mary_Virgin_Statue.src
6/28/2024 9:12:20 AM,Loaded file:E:\Mary_Virgin_Statue.src
6/28/2024 9:12:47 AM,Starting program:E:\Mary_Virgin_Statue.src
6/28/2024 10:10:52 PM,Completed program: E:\Mary_Virgin_Statue.src
6/29/2024 8:30:20 AM,Loaded file:E:\Mary_Virgin_Statue.src
6/29/2024 8:31:13 AM,Starting program:E:\Mary_Virgin_Statue.src
6/29/2024 7:24:53 PM,Completed program: E:\Mary_Virgin_Statue.src
7/3/2024 8:38:32 AM,Loaded file:E:\Spianatura.src
7/3/2024 8:39:42 AM,Loaded file:E:\Spianatura.src
7/3/2024 10:34:12 AM,Loaded file:E:\Spianatura.src
7/3/2024 10:42:52 AM,Loaded file:E:\Spianatura.src
7/3/2024 10:42:56 AM,Starting program:E:\Spianatura.src
7/3/2024 11:21:09 AM,Completed program: E:\Spianatura.src
7/3/2024 3:34:48 PM,Loaded file:E:\Franchi 2.src
7/3/2024 3:36:36 PM,Starting program:E:\Franchi 2.src
7/4/2024 8:47:41 AM,Completed program: E:\Franchi 2.src
7/4/2024 11:22:53 AM,Loaded file:E:\Franchi 2.src
7/4/2024 11:23:34 AM,Starting program:E:\Franchi 2.src
7/4/2024 4:23:53 PM,Completed program: E:\Franchi 2.src
7/4/2024 5:08:00 PM,Loaded file:E:\Franchi 2.src
7/4/2024 5:12:06 PM,Starting program:E:\Franchi 2.src
7/5/2024 1:26:10 PM,Completed program: E:\Franchi 2.src
7/5/2024 2:11:41 PM,Loaded file:E:\Franchi 02 salvato A.src
7/5/2024 2:12:34 PM,Starting program:E:\Franchi 02 salvato A.src
7/5/2024 9:33:11 PM,Completed program: E:\Franchi 02 salvato A.src
7/6/2024 6:38:28 AM,Loaded file:E:\Franchi 02 salvato A.src
7/6/2024 6:38:50 AM,Starting program:E:\Franchi 02 salvato A.src
7/6/2024 12:28:04 PM,Loaded file:E:\Franchi 02 salvato A.src
7/6/2024 12:28:44 PM,Starting program:E:\Franchi 02 salvato A.src
7/6/2024 3:52:27 PM,Completed program: E:\Franchi 02 salvato A.src
7/7/2024 6:14:30 AM,Loaded file:E:\Franchi 02 salvato A.src
7/7/2024 6:14:39 AM,Starting program:E:\Franchi 02 salvato A.src
7/7/2024 6:32:44 AM,Loaded file:E:\Franchi 02 salvato A.src
7/7/2024 6:32:56 AM,Starting program:E:\Franchi 02 salvato A.src
7/8/2024 9:39:33 AM,Loaded file:E:\Franchi 02 salvato A.src
7/8/2024 9:39:34 AM,Starting program:E:\Franchi 02 salvato A.src
7/8/2024 9:40:52 AM,Loaded file:E:\Franchi 02 salvato A.src
7/8/2024 9:40:54 AM,Starting program:E:\Franchi 02 salvato A.src
7/8/2024 9:44:00 AM,Loaded file:E:\Franchi 02 salvato A.src
7/8/2024 9:44:01 AM,Starting program:E:\Franchi 02 salvato A.src
7/8/2024 9:48:50 AM,Completed program: E:\Franchi 02 salvato A.src
7/8/2024 9:52:24 AM,Loaded file:E:\Franchi 02 salvato A.src
7/8/2024 9:52:26 AM,Starting program:E:\Franchi 02 salvato A.src
7/8/2024 9:57:18 AM,Completed program: E:\Franchi 02 salvato A.src
7/8/2024 10:00:11 AM,Loaded file:E:\Franchi 02 salvato A.src
7/8/2024 10:00:12 AM,Starting program:E:\Franchi 02 salvato A.src
7/8/2024 10:05:32 AM,Loaded file:E:\Franchi 02 salvato A.src
7/8/2024 10:05:33 AM,Starting program:E:\Franchi 02 salvato A.src
7/8/2024 10:12:44 AM,Loaded file:E:\Franchi 02 salvato A.src
7/8/2024 10:12:45 AM,Starting program:E:\Franchi 02 salvato A.src
7/8/2024 10:13:07 AM,Loaded file:E:\Franchi 02 salvato A.src
7/8/2024 10:13:08 AM,Starting program:E:\Franchi 02 salvato A.src
7/8/2024 10:18:46 AM,Completed program: E:\Franchi 02 salvato A.src
7/8/2024 10:23:13 AM,Loaded file:E:\Franchi 02 salvato A.src
7/8/2024 10:23:20 AM,Starting program:E:\Franchi 02 salvato A.src
7/8/2024 10:24:02 AM,Loaded file:E:\Franchi 02 salvato A.src
7/8/2024 10:24:12 AM,Starting program:E:\Franchi 02 salvato A.src
7/8/2024 10:30:45 AM,Completed program: E:\Franchi 02 salvato A.src
7/8/2024 10:35:30 AM,Loaded file:E:\Franchi 02 salvato A.src
7/8/2024 10:35:32 AM,Starting program:E:\Franchi 02 salvato A.src
7/8/2024 10:41:28 AM,Completed program: E:\Franchi 02 salvato A.src
7/8/2024 6:14:49 PM,Loaded file:E:\spiros.src
7/8/2024 6:15:32 PM,Loaded file:E:\spiros.src
7/8/2024 6:15:33 PM,Starting program:E:\spiros.src
7/8/2024 6:26:29 PM,Loaded file:E:\spiros.src
7/8/2024 6:26:39 PM,Starting program:E:\spiros.src
7/8/2024 9:42:44 PM,Completed program: E:\spiros.src
7/9/2024 11:53:54 AM,Loaded file:E:\Cipro.src
7/9/2024 12:12:57 PM,Starting program:E:\Cipro.src
7/9/2024 6:57:54 PM,Completed program: E:\Cipro.src
7/10/2024 9:01:22 AM,Loaded file:E:\Cipro.src
7/10/2024 9:01:23 AM,Starting program:E:\Cipro.src
7/10/2024 3:09:26 PM,Completed program: E:\Cipro.src
7/10/2024 4:32:35 PM,Loaded file:E:\Cipro.src
7/10/2024 4:32:43 PM,Starting program:E:\Cipro.src
7/10/2024 11:43:11 PM,Completed program: E:\Cipro.src
7/11/2024 7:04:24 AM,Loaded file:E:\Cipro 2.src
7/11/2024 7:07:28 AM,Starting program:E:\Cipro 2.src
7/11/2024 9:27:23 AM,Loaded file:E:\Cipro 2.src
7/11/2024 9:27:35 AM,Starting program:E:\Cipro 2.src
7/11/2024 10:05:53 AM,Loaded file:E:\Cipro.src
7/11/2024 10:05:56 AM,Starting program:E:\Cipro.src
7/11/2024 12:59:52 PM,Completed program: E:\Cipro.src
7/11/2024 1:10:17 PM,Loaded file:E:\Cipro.src
7/11/2024 1:10:36 PM,Starting program:E:\Cipro.src
7/11/2024 5:11:08 PM,Completed program: E:\Cipro.src
7/11/2024 5:41:54 PM,Loaded file:E:\Cipro.src
7/11/2024 5:42:02 PM,Starting program:E:\Cipro.src
7/11/2024 6:35:20 PM,Completed program: E:\Cipro.src
7/11/2024 6:45:55 PM,Loaded file:E:\Cipro.src
7/11/2024 6:45:59 PM,Starting program:E:\Cipro.src
7/12/2024 11:04:39 AM,Completed program: E:\Cipro.src
7/12/2024 11:07:40 AM,Loaded file:E:\Cipro.src
7/12/2024 12:51:24 PM,Starting program:E:\Cipro.src
7/12/2024 12:59:24 PM,Loaded file:E:\Cipro.src
7/12/2024 12:59:28 PM,Starting program:E:\Cipro.src
7/12/2024 1:00:11 PM,Loaded file:E:\Cipro.src
7/12/2024 1:00:15 PM,Starting program:E:\Cipro.src
7/12/2024 1:47:24 PM,Completed program: E:\Cipro.src
7/12/2024 5:05:32 PM,Loaded file:E:\Cipro.src
7/12/2024 5:05:35 PM,Starting program:E:\Cipro.src
7/12/2024 5:21:19 PM,Completed program: E:\Cipro.src
7/12/2024 5:28:36 PM,Loaded file:E:\Cipro.src
7/12/2024 5:28:38 PM,Starting program:E:\Cipro.src
7/12/2024 5:35:28 PM,Loaded file:E:\Cipro.src
7/12/2024 5:35:30 PM,Starting program:E:\Cipro.src
7/12/2024 5:55:23 PM,Loaded file:E:\Cipro.src
7/12/2024 5:55:25 PM,Starting program:E:\Cipro.src
7/12/2024 6:24:05 PM,Completed program: E:\Cipro.src
7/13/2024 7:17:44 AM,Loaded file:E:\Cipro.src
7/13/2024 7:17:46 AM,Starting program:E:\Cipro.src
7/13/2024 8:04:22 AM,Completed program: E:\Cipro.src
7/15/2024 11:29:29 AM,Loaded file:E:\Cipro.src
7/15/2024 11:32:38 AM,Starting program:E:\Cipro.src
7/15/2024 5:35:18 PM,Completed program: E:\Cipro.src
7/16/2024 9:47:14 AM,Loaded file:E:\Cipro.src
7/16/2024 9:47:19 AM,Starting program:E:\Cipro.src
7/16/2024 9:49:10 AM,Loaded file:E:\Cipro.src
7/16/2024 9:49:13 AM,Starting program:E:\Cipro.src
7/16/2024 11:28:55 AM,Completed program: E:\Cipro.src
7/16/2024 11:32:24 AM,Loaded file:E:\Cipro.src
7/16/2024 11:32:25 AM,Starting program:E:\Cipro.src
7/16/2024 12:44:42 PM,Completed program: E:\Cipro.src
7/16/2024 12:54:33 PM,Loaded file:E:\Cipro.src
7/16/2024 12:54:35 PM,Starting program:E:\Cipro.src
7/16/2024 1:56:14 PM,Completed program: E:\Cipro.src
7/16/2024 2:09:20 PM,Loaded file:E:\Cipro.src
7/16/2024 2:09:23 PM,Starting program:E:\Cipro.src
7/16/2024 2:16:47 PM,Completed program: E:\Cipro.src
7/16/2024 3:49:21 PM,Loaded file:E:\Franchi 03.src
7/16/2024 3:49:22 PM,Starting program:E:\Franchi 03.src
7/16/2024 4:15:36 PM,Completed program: E:\Franchi 03.src
7/16/2024 6:40:44 PM,Loaded file:E:\Franchi 03.src
7/16/2024 6:41:06 PM,Starting program:E:\Franchi 03.src
7/17/2024 7:02:50 AM,Completed program: E:\Franchi 03.src
7/17/2024 10:51:55 AM,Loaded file:E:\Franchi 03.src
7/17/2024 10:52:36 AM,Starting program:E:\Franchi 03.src
7/17/2024 10:53:04 AM,Loaded file:E:\Franchi 03.src
7/17/2024 10:53:38 AM,Starting program:E:\Franchi 03.src
7/17/2024 11:48:31 AM,Loaded file:E:\Franchi 03.src
7/17/2024 11:48:56 AM,Starting program:E:\Franchi 03.src
7/17/2024 11:46:22 PM,Completed program: E:\Franchi 03.src
7/18/2024 9:22:00 AM,Loaded file:E:\Franchi 03.src
7/18/2024 9:22:39 AM,Starting program:E:\Franchi 03.src
7/19/2024 9:17:12 AM,Loaded file:E:\Franchi 03.src
7/19/2024 9:17:23 AM,Starting program:E:\Franchi 03.src
7/19/2024 9:29:20 AM,Loaded file:E:\Franchi 03.src
7/19/2024 9:29:56 AM,Starting program:E:\Franchi 03.src
7/19/2024 11:14:17 AM,Loaded file:E:\Franchi 03.src
7/19/2024 11:14:32 AM,Starting program:E:\Franchi 03.src
7/19/2024 12:09:56 PM,Loaded file:E:\Franchi 03.src
7/19/2024 12:10:06 PM,Starting program:E:\Franchi 03.src
7/19/2024 1:18:16 PM,Loaded file:E:\Franchi 03.src
7/19/2024 1:18:26 PM,Starting program:E:\Franchi 03.src
7/19/2024 6:09:48 PM,Completed program: E:\Franchi 03.src
7/20/2024 1:11:44 PM,Loaded file:E:\Umba.src
7/20/2024 1:14:26 PM,Starting program:E:\Umba.src
7/20/2024 9:57:34 PM,Completed program: E:\Umba.src
7/22/2024 9:05:02 AM,Loaded file:E:\Umba.src
7/22/2024 9:05:12 AM,Starting program:E:\Umba.src
7/22/2024 10:12:56 AM,Completed program: E:\Umba.src
7/22/2024 1:24:28 PM,Loaded file:E:\Umba.src
7/22/2024 1:24:54 PM,Starting program:E:\Umba.src
7/22/2024 6:05:00 PM,Completed program: E:\Umba.src
7/23/2024 10:36:01 AM,Loaded file:E:\Venere.src
7/23/2024 10:36:11 AM,Starting program:E:\Venere.src
7/23/2024 12:50:28 PM,Completed program: E:\Venere.src
7/23/2024 12:54:52 PM,Loaded file:E:\Venere.src
7/23/2024 12:54:59 PM,Starting program:E:\Venere.src
7/23/2024 2:21:41 PM,Completed program: E:\Venere.src
7/23/2024 2:36:24 PM,Loaded file:E:\Venere.src
7/23/2024 2:36:33 PM,Starting program:E:\Venere.src
7/23/2024 4:30:12 PM,Completed program: E:\Venere.src
7/23/2024 4:40:28 PM,Loaded file:E:\Venere.src
7/23/2024 4:40:53 PM,Starting program:E:\Venere.src
7/23/2024 9:26:58 PM,Completed program: E:\Venere.src
7/24/2024 8:58:43 AM,Loaded file:E:\Venere.src
7/24/2024 8:58:57 AM,Starting program:E:\Venere.src
7/24/2024 10:51:44 AM,Loaded file:E:\Venere.src
7/24/2024 10:52:03 AM,Starting program:E:\Venere.src
7/24/2024 3:01:01 PM,Completed program: E:\Venere.src
7/24/2024 3:05:20 PM,Loaded file:E:\Venere.src
7/24/2024 3:05:40 PM,Starting program:E:\Venere.src
7/24/2024 6:55:22 PM,Completed program: E:\Venere.src
7/25/2024 9:00:41 AM,Loaded file:E:\Venere.src
7/25/2024 9:00:51 AM,Starting program:E:\Venere.src
7/25/2024 1:21:46 PM,Completed program: E:\Venere.src
7/25/2024 2:04:06 PM,Loaded file:E:\Venere.src
7/25/2024 2:05:01 PM,Starting program:E:\Venere.src
7/26/2024 1:29:51 AM,Completed program: E:\Venere.src
7/26/2024 6:41:03 AM,Loaded file:E:\Venere.src
7/26/2024 6:41:16 AM,Starting program:E:\Venere.src
7/26/2024 10:33:10 AM,Completed program: E:\Venere.src
7/26/2024 3:22:08 PM,Loaded file:E:\Venere.src
7/26/2024 3:22:15 PM,Starting program:E:\Venere.src
7/26/2024 5:30:37 PM,Completed program: E:\Venere.src
7/27/2024 6:25:10 AM,Loaded file:E:\Venere.src
7/27/2024 6:33:07 AM,Starting program:E:\Venere.src
7/27/2024 7:41:49 AM,Loaded file:E:\Venere.src
7/27/2024 7:41:57 AM,Starting program:E:\Venere.src
7/27/2024 7:45:53 AM,Loaded file:E:\Venere.src
7/27/2024 7:45:59 AM,Starting program:E:\Venere.src
7/27/2024 8:49:04 AM,Loaded file:E:\Venere.src
7/27/2024 8:49:08 AM,Starting program:E:\Venere.src
7/27/2024 9:55:54 AM,Loaded file:E:\Venere.src
7/27/2024 9:56:00 AM,Starting program:E:\Venere.src
7/27/2024 12:08:40 PM,Completed program: E:\Venere.src
8/1/2024 4:12:18 PM,Loaded file:E:\mani.src
8/1/2024 4:12:19 PM,Starting program:E:\mani.src
8/1/2024 4:52:15 PM,Completed program: E:\mani.src
8/2/2024 10:47:42 AM,Loaded file:E:\mani.src
8/2/2024 10:49:09 AM,Starting program:E:\mani.src
8/2/2024 3:25:08 PM,Completed program: E:\mani.src
8/2/2024 3:33:09 PM,Loaded file:E:\mani.src
8/2/2024 3:33:11 PM,Starting program:E:\mani.src
8/2/2024 4:16:17 PM,Completed program: E:\mani.src
8/2/2024 4:28:36 PM,Loaded file:E:\mani.src
8/2/2024 4:28:42 PM,Starting program:E:\mani.src
8/2/2024 7:46:33 PM,Completed program: E:\mani.src
8/3/2024 5:41:57 AM,Loaded file:E:\mani.src
8/3/2024 5:42:03 AM,Starting program:E:\mani.src
8/7/2024 3:13:07 PM,Loaded file:E:\mani.src
8/7/2024 3:13:12 PM,Starting program:E:\mani.src
8/7/2024 3:56:37 PM,Loaded file:E:\mani.src
8/7/2024 3:57:26 PM,Loaded file:E:\mani.src
8/7/2024 3:58:25 PM,Loaded file:E:\mani.src
8/7/2024 4:01:49 PM,Loaded file:E:\mani.src
8/7/2024 4:02:03 PM,Starting program:E:\mani.src
8/7/2024 4:02:46 PM,Loaded file:E:\mani.src
8/7/2024 4:02:57 PM,Starting program:E:\mani.src
8/7/2024 9:53:45 PM,Completed program: E:\mani.src
8/8/2024 7:10:53 AM,Loaded file:E:\mani.src
8/8/2024 7:11:00 AM,Starting program:E:\mani.src
8/8/2024 9:52:11 AM,Completed program: E:\mani.src
8/8/2024 10:07:31 AM,Loaded file:E:\mani.src
8/8/2024 10:07:33 AM,Starting program:E:\mani.src
8/8/2024 10:50:59 AM,Completed program: E:\mani.src
8/8/2024 11:52:44 AM,Loaded file:E:\mani.src
8/8/2024 11:52:46 AM,Starting program:E:\mani.src
8/8/2024 12:20:35 PM,Loaded file:E:\mani.src
8/8/2024 12:20:37 PM,Starting program:E:\mani.src
8/8/2024 1:48:03 PM,Completed program: E:\mani.src
8/8/2024 1:59:06 PM,Loaded file:E:\mani.src
8/8/2024 1:59:08 PM,Starting program:E:\mani.src
8/8/2024 4:22:03 PM,Completed program: E:\mani.src
8/9/2024 12:39:14 PM,Loaded file:E:\Raimond.src
8/9/2024 12:39:36 PM,Loaded file:E:\Raimond.src
8/9/2024 12:39:38 PM,Starting program:E:\Raimond.src
8/9/2024 12:44:24 PM,Loaded file:E:\Raimond.src
8/9/2024 12:44:26 PM,Starting program:E:\Raimond.src
8/9/2024 12:51:42 PM,Loaded file:E:\Raimond.src
8/9/2024 12:51:43 PM,Starting program:E:\Raimond.src
8/9/2024 2:08:12 PM,Loaded file:E:\Raimond.src
8/9/2024 2:08:15 PM,Starting program:E:\Raimond.src
8/9/2024 2:26:11 PM,Loaded file:E:\Raimond.src
8/9/2024 2:26:12 PM,Starting program:E:\Raimond.src
8/9/2024 2:34:43 PM,Loaded file:E:\Raimond.src
8/9/2024 2:34:44 PM,Starting program:E:\Raimond.src
8/9/2024 5:39:01 PM,Completed program: E:\Raimond.src
8/12/2024 10:32:51 AM,Loaded file:E:\Base Minerva.src
8/12/2024 10:32:59 AM,Starting program:E:\Base Minerva.src
8/12/2024 4:02:22 PM,Completed program: E:\Base Minerva.src
8/12/2024 4:57:46 PM,Loaded file:E:\Base Minerva.src
8/12/2024 4:57:54 PM,Starting program:E:\Base Minerva.src
8/12/2024 9:07:03 PM,Completed program: E:\Base Minerva.src
8/13/2024 6:15:57 AM,Loaded file:E:\Base Minerva.src
8/13/2024 6:16:05 AM,Starting program:E:\Base Minerva.src
8/13/2024 8:10:42 AM,Completed program: E:\Base Minerva.src
8/13/2024 8:21:43 AM,Loaded file:E:\Base Minerva.src
8/13/2024 8:21:44 AM,Starting program:E:\Base Minerva.src
8/13/2024 8:41:42 AM,Completed program: E:\Base Minerva.src
8/13/2024 8:46:46 AM,Loaded file:E:\Base Minerva.src
8/13/2024 8:46:49 AM,Starting program:E:\Base Minerva.src
8/13/2024 10:17:32 AM,Completed program: E:\Base Minerva.src
8/13/2024 10:44:02 AM,Loaded file:E:\Base Minerva.src
8/13/2024 10:44:04 AM,Starting program:E:\Base Minerva.src
8/13/2024 11:57:05 AM,Completed program: E:\Base Minerva.src
8/13/2024 12:11:20 PM,Loaded file:E:\Base Minerva.src
8/13/2024 12:11:21 PM,Starting program:E:\Base Minerva.src
8/13/2024 12:30:10 PM,Completed program: E:\Base Minerva.src
8/13/2024 12:50:39 PM,Loaded file:E:\Base Minerva.src
8/13/2024 12:50:41 PM,Starting program:E:\Base Minerva.src
8/13/2024 1:36:41 PM,Completed program: E:\Base Minerva.src
8/13/2024 2:03:43 PM,Loaded file:E:\Base Minerva.src
8/13/2024 2:03:45 PM,Starting program:E:\Base Minerva.src
8/13/2024 2:15:49 PM,Completed program: E:\Base Minerva.src
8/14/2024 8:36:20 AM,Loaded file:E:\MadonnGesu_Campi.src
8/14/2024 8:43:46 AM,Starting program:E:\MadonnGesu_Campi.src
8/14/2024 3:44:48 PM,Completed program: E:\MadonnGesu_Campi.src
8/19/2024 7:18:04 AM,Loaded file:E:\MadonnGesu_Campi.src
8/19/2024 7:18:26 AM,Starting program:E:\MadonnGesu_Campi.src
8/19/2024 6:08:55 PM,Completed program: E:\MadonnGesu_Campi.src
8/19/2024 6:12:00 PM,Loaded file:E:\MadonnGesu_Campi.src
8/19/2024 6:12:05 PM,Starting program:E:\MadonnGesu_Campi.src
8/19/2024 7:11:07 PM,Completed program: E:\MadonnGesu_Campi.src
8/19/2024 7:28:02 PM,Loaded file:E:\MadonnGesu_Campi.src
8/19/2024 7:28:46 PM,Starting program:E:\MadonnGesu_Campi.src
8/20/2024 3:11:59 PM,Completed program: E:\MadonnGesu_Campi.src
8/27/2024 5:40:18 PM,Loaded file:E:\P.Pio.src
8/27/2024 5:40:27 PM,Starting program:E:\P.Pio.src
8/28/2024 7:36:46 PM,Completed program: E:\P.Pio.src
8/28/2024 7:43:13 PM,Loaded file:E:\P.Pio.src
8/28/2024 7:43:51 PM,Starting program:E:\P.Pio.src
8/29/2024 9:51:16 PM,Completed program: E:\P.Pio.src
8/29/2024 10:34:34 PM,Loaded file:E:\P.Pio.src
8/29/2024 10:35:04 PM,Starting program:E:\P.Pio.src
8/30/2024 7:40:00 PM,Loaded file:E:\P.Pio.src
8/30/2024 7:40:08 PM,Starting program:E:\P.Pio.src
8/31/2024 4:04:44 AM,Completed program: E:\P.Pio.src
8/31/2024 7:06:49 AM,Loaded file:E:\P.Pio.src
8/31/2024 7:07:25 AM,Starting program:E:\P.Pio.src
9/1/2024 8:25:36 AM,Completed program: E:\P.Pio.src
9/1/2024 8:43:55 AM,Loaded file:E:\P.Pio.src
9/1/2024 8:44:26 AM,Starting program:E:\P.Pio.src
9/1/2024 9:13:22 AM,Loaded file:E:\P.Pio.src
9/1/2024 9:13:34 AM,Starting program:E:\P.Pio.src
9/3/2024 12:00:50 PM,Loaded file:E:\P.Pio.src
9/3/2024 12:01:02 PM,Starting program:E:\P.Pio.src
9/3/2024 12:58:32 PM,Loaded file:E:\P.Pio.src
9/3/2024 12:59:13 PM,Starting program:E:\P.Pio.src
9/3/2024 5:48:56 PM,Completed program: E:\P.Pio.src
9/3/2024 5:56:25 PM,Loaded file:E:\P.Pio.src
9/3/2024 5:58:53 PM,Starting program:E:\P.Pio.src
9/4/2024 4:11:46 PM,Completed program: E:\P.Pio.src
9/4/2024 4:19:46 PM,Loaded file:E:\P.Pio.src
9/4/2024 4:19:55 PM,Starting program:E:\P.Pio.src
9/5/2024 1:57:09 PM,Completed program: E:\P.Pio.src
9/6/2024 3:16:04 PM,Loaded file:E:\P.Pio.src
9/6/2024 3:16:52 PM,Starting program:E:\P.Pio.src
9/7/2024 6:39:45 PM,Completed program: E:\P.Pio.src
9/20/2024 12:13:15 PM,Loaded file:E:\P.Pio.src
9/20/2024 12:13:28 PM,Starting program:E:\P.Pio.src
9/20/2024 12:49:40 PM,Loaded file:F:\P.Pio.src
9/20/2024 12:53:23 PM,Loaded file:F:\P.Pio.src
9/20/2024 12:53:27 PM,Starting program:F:\P.Pio.src
9/23/2024 3:47:44 PM,Loaded file:E:\P.Pio.src
9/23/2024 3:47:45 PM,Starting program:E:\P.Pio.src
9/23/2024 4:06:11 PM,Completed program: E:\P.Pio.src
9/23/2024 4:22:36 PM,Loaded file:E:\P.Pio.src
9/23/2024 4:22:57 PM,Starting program:E:\P.Pio.src
9/23/2024 4:38:15 PM,Completed program: E:\P.Pio.src
9/23/2024 5:07:42 PM,Loaded file:E:\P.Pio.src
9/23/2024 5:07:46 PM,Starting program:E:\P.Pio.src
9/23/2024 5:08:30 PM,Loaded file:E:\P.Pio.src
9/23/2024 5:08:35 PM,Starting program:E:\P.Pio.src
9/23/2024 5:09:49 PM,Loaded file:E:\P.Pio.src
9/23/2024 5:09:50 PM,Starting program:E:\P.Pio.src
9/23/2024 5:10:22 PM,Loaded file:E:\P.Pio.src
9/23/2024 5:10:23 PM,Starting program:E:\P.Pio.src
9/23/2024 5:10:59 PM,Loaded file:E:\P.Pio.src
9/23/2024 5:11:01 PM,Starting program:E:\P.Pio.src
9/23/2024 5:27:09 PM,Completed program: E:\P.Pio.src
9/23/2024 5:45:58 PM,Loaded file:E:\P.Pio.src
9/23/2024 5:46:08 PM,Starting program:E:\P.Pio.src
9/24/2024 2:11:26 PM,Loaded file:E:\P.Pio.src
9/24/2024 2:11:35 PM,Starting program:E:\P.Pio.src
9/25/2024 6:09:10 AM,Completed program: E:\P.Pio.src
9/25/2024 6:36:53 AM,Loaded file:E:\P.Pio.src
9/25/2024 6:37:09 AM,Starting program:E:\P.Pio.src
9/26/2024 12:11:20 AM,Completed program: E:\P.Pio.src
9/26/2024 12:14:50 AM,Loaded file:E:\P.Pio.src
9/26/2024 12:15:04 AM,Starting program:E:\P.Pio.src
9/26/2024 9:26:24 PM,Completed program: E:\P.Pio.src
9/27/2024 5:50:25 AM,Loaded file:E:\P.Pio.src
9/27/2024 5:50:47 AM,Starting program:E:\P.Pio.src
9/28/2024 5:52:57 AM,Completed program: E:\P.Pio.src
9/28/2024 7:26:26 AM,Loaded file:E:\P.Pio.src
9/28/2024 7:27:38 AM,Starting program:E:\P.Pio.src
9/30/2024 6:59:32 AM,Completed program: E:\P.Pio.src
9/30/2024 7:14:37 AM,Loaded file:E:\P.Pio.src
9/30/2024 7:15:18 AM,Starting program:E:\P.Pio.src
9/30/2024 8:24:48 AM,Loaded file:E:\P.Pio.src
9/30/2024 8:25:07 AM,Starting program:E:\P.Pio.src
9/30/2024 1:51:15 PM,Completed program: E:\P.Pio.src
9/30/2024 2:32:06 PM,Loaded file:E:\P.Pio.src
9/30/2024 2:33:03 PM,Starting program:E:\P.Pio.src
10/2/2024 1:54:22 AM,Completed program: E:\P.Pio.src
10/2/2024 8:51:44 AM,Loaded file:E:\P.Pio.src
10/2/2024 8:53:15 AM,Starting program:E:\P.Pio.src
10/2/2024 5:24:45 PM,Completed program: E:\P.Pio.src
10/2/2024 5:32:54 PM,Loaded file:E:\P.Pio.src
10/2/2024 5:33:16 PM,Starting program:E:\P.Pio.src
10/3/2024 3:30:15 AM,Completed program: E:\P.Pio.src
10/3/2024 6:47:49 AM,Loaded file:E:\P.Pio.src
10/3/2024 6:48:02 AM,Starting program:E:\P.Pio.src
10/3/2024 7:19:57 AM,Loaded file:E:\P.Pio.src
10/3/2024 7:20:10 AM,Starting program:E:\P.Pio.src
10/3/2024 8:39:44 AM,Completed program: E:\P.Pio.src
10/3/2024 11:20:30 AM,Loaded file:E:\P.Pio.src
10/3/2024 11:21:15 AM,Starting program:E:\P.Pio.src
10/4/2024 9:43:38 AM,Program stopped: E:\P.Pio.src
10/4/2024 11:54:01 AM,Completed program: E:\P.Pio.src
10/4/2024 1:53:00 PM,Loaded file:E:\P.Pio.src
10/4/2024 1:53:23 PM,Starting program:E:\P.Pio.src
10/4/2024 3:05:15 PM,Completed program: E:\P.Pio.src
10/4/2024 3:52:10 PM,Loaded file:E:\P.Pio.src
10/4/2024 3:52:21 PM,Starting program:E:\P.Pio.src
10/4/2024 7:03:33 PM,Completed program: E:\P.Pio.src
10/4/2024 7:08:34 PM,Loaded file:E:\P.Pio.src
10/4/2024 7:08:49 PM,Starting program:E:\P.Pio.src
10/5/2024 12:02:58 AM,Completed program: E:\P.Pio.src
10/5/2024 8:07:18 AM,Loaded file:E:\P.Pio.src
10/5/2024 8:07:26 AM,Starting program:E:\P.Pio.src
10/5/2024 9:46:31 AM,Completed program: E:\P.Pio.src
10/5/2024 9:59:52 AM,Loaded file:E:\P.Pio.src
10/5/2024 10:00:05 AM,Starting program:E:\P.Pio.src
10/5/2024 1:38:03 PM,Completed program: E:\P.Pio.src
10/5/2024 1:57:56 PM,Loaded file:E:\P.Pio.src
10/5/2024 1:58:07 PM,Starting program:E:\P.Pio.src
10/5/2024 5:44:57 PM,Completed program: E:\P.Pio.src
10/5/2024 5:49:12 PM,Loaded file:E:\P.Pio gamba.src
10/5/2024 5:49:21 PM,Starting program:E:\P.Pio gamba.src
10/5/2024 8:38:12 PM,Completed program: E:\P.Pio gamba.src
10/7/2024 7:03:05 AM,Loaded file:E:\P.Pio.src
10/7/2024 7:04:16 AM,Starting program:E:\P.Pio.src
10/7/2024 6:26:03 PM,Completed program: E:\P.Pio.src
10/8/2024 5:54:40 AM,Loaded file:E:\P.Pio.src
10/8/2024 5:54:51 AM,Starting program:E:\P.Pio.src
10/8/2024 8:05:21 AM,Completed program: E:\P.Pio.src
10/8/2024 8:10:39 AM,Loaded file:E:\P.Pio.src
10/8/2024 8:10:54 AM,Starting program:E:\P.Pio.src
10/8/2024 11:05:23 AM,Completed program: E:\P.Pio.src
10/8/2024 11:50:14 AM,Loaded file:E:\P.Pio.src
10/8/2024 11:50:31 AM,Starting program:E:\P.Pio.src
10/8/2024 5:44:07 PM,Completed program: E:\P.Pio.src
10/9/2024 11:01:42 AM,Loaded file:E:\P.Pio.src
10/9/2024 11:26:48 AM,Starting program:E:\P.Pio.src
10/9/2024 4:08:17 PM,Loaded file:E:\Base r2.src
10/9/2024 4:10:19 PM,Loaded file:E:\Base r2.src
10/9/2024 4:11:15 PM,Loaded file:E:\Base r2.src
10/9/2024 4:11:33 PM,Loaded file:E:\Base r2.src
10/9/2024 4:11:40 PM,Loaded file:E:\Base r2.src
10/9/2024 4:11:59 PM,Loaded file:E:\Base r2.src
10/9/2024 4:12:15 PM,Loaded file:E:\Base r2.src
10/9/2024 4:13:11 PM,Loaded file:E:\Base r2.src
10/9/2024 4:13:44 PM,Starting program:E:\Base r2.src
10/9/2024 5:32:14 PM,Completed program: E:\Base r2.src
10/9/2024 7:06:38 PM,Loaded file:E:\Etris.src
10/9/2024 7:07:23 PM,Starting program:E:\Etris.src
10/10/2024 2:52:26 AM,Completed program: E:\Etris.src
10/10/2024 7:25:29 AM,Loaded file:E:\Etris.src
10/10/2024 7:26:15 AM,Starting program:E:\Etris.src
10/10/2024 12:22:02 PM,Completed program: E:\Etris.src
10/10/2024 1:15:15 PM,Loaded file:E:\Etris.src
10/10/2024 1:15:24 PM,Starting program:E:\Etris.src
10/10/2024 2:29:43 PM,Completed program: E:\Etris.src
10/10/2024 2:48:45 PM,Loaded file:E:\Etris.src
10/10/2024 2:49:08 PM,Starting program:E:\Etris.src
10/10/2024 3:58:32 PM,Completed program: E:\Etris.src
10/10/2024 4:52:26 PM,Loaded file:E:\Etris.src
10/10/2024 4:52:34 PM,Starting program:E:\Etris.src
10/10/2024 10:15:38 PM,Completed program: E:\Etris.src
10/11/2024 7:57:34 AM,Loaded file:E:\Etris.src
10/11/2024 7:57:58 AM,Starting program:E:\Etris.src
10/11/2024 10:31:39 AM,Completed program: E:\Etris.src
10/21/2024 9:40:40 AM,Loaded file:E:\franchi0005.src
10/21/2024 9:42:08 AM,Loaded file:E:\franchi0005.src
10/21/2024 9:42:31 AM,Loaded file:E:\franchi0005.src
10/21/2024 9:44:19 AM,Loaded file:E:\franchi0005.src
10/21/2024 9:45:01 AM,Starting program:E:\franchi0005.src
10/21/2024 9:45:26 AM,Loaded file:E:\franchi0005.src
10/21/2024 9:45:59 AM,Loaded file:E:\franchi0005.src
10/21/2024 9:46:08 AM,Starting program:E:\franchi0005.src
10/21/2024 3:00:28 PM,Completed program: E:\franchi0005.src
10/21/2024 3:51:29 PM,Loaded file:E:\franchi0005.src
10/21/2024 3:51:40 PM,Starting program:E:\franchi0005.src
10/21/2024 9:25:01 PM,Completed program: E:\franchi0005.src
10/22/2024 7:32:11 AM,Loaded file:E:\franchi025.src
10/22/2024 7:33:22 AM,Loaded file:E:\franchi025.src
10/22/2024 7:33:28 AM,Starting program:E:\franchi025.src
10/22/2024 7:54:31 AM,Completed program: E:\franchi025.src
10/22/2024 9:06:49 AM,Loaded file:E:\franchi0005f5.src
10/22/2024 9:08:33 AM,Starting program:E:\franchi0005f5.src
10/22/2024 10:32:50 AM,Loaded file:E:\franchi0005f5.src
10/22/2024 10:32:53 AM,Starting program:E:\franchi0005f5.src
10/22/2024 10:33:26 AM,Loaded file:E:\franchi0005f5.src
10/22/2024 10:33:29 AM,Starting program:E:\franchi0005f5.src
10/22/2024 10:37:32 AM,Loaded file:E:\franchifresa5.src
10/22/2024 10:37:37 AM,Starting program:E:\franchifresa5.src
10/22/2024 11:18:38 AM,Completed program: E:\franchifresa5.src
10/22/2024 11:45:42 AM,Loaded file:E:\franchifresa5.src
10/22/2024 11:45:45 AM,Starting program:E:\franchifresa5.src
10/22/2024 12:20:50 PM,Completed program: E:\franchifresa5.src
10/22/2024 12:45:22 PM,Loaded file:E:\franchifresa8.src
10/22/2024 12:45:48 PM,Loaded file:E:\franchifresa8.src
10/22/2024 12:46:54 PM,Loaded file:E:\franchifresa8.2.src
10/22/2024 1:35:34 PM,Loaded file:E:\franchifresa8ptp.src
10/22/2024 1:35:47 PM,Starting program:E:\franchifresa8ptp.src
10/22/2024 1:36:28 PM,Loaded file:E:\franchifresa8ptp.src
10/22/2024 1:36:40 PM,Starting program:E:\franchifresa8ptp.src
10/22/2024 1:37:29 PM,Loaded file:E:\franchifresa8ptp.src
10/22/2024 1:37:59 PM,Starting program:E:\franchifresa8ptp.src
10/22/2024 8:30:28 PM,Completed program: E:\franchifresa8ptp.src
10/23/2024 7:30:55 AM,Loaded file:E:\franchifresa8finiturapiano.src
10/23/2024 7:31:35 AM,Loaded file:E:\franchifresa8finiturapiano.src
10/23/2024 7:31:40 AM,Starting program:E:\franchifresa8finiturapiano.src
10/23/2024 8:51:10 AM,Completed program: E:\franchifresa8finiturapiano.src
10/23/2024 8:53:58 AM,Loaded file:E:\franchi8matino.src
10/23/2024 8:54:13 AM,Starting program:E:\franchi8matino.src
10/23/2024 1:00:38 PM,Completed program: E:\franchi8matino.src
10/23/2024 1:13:42 PM,Loaded file:E:\franchi8ultima.src
10/23/2024 1:13:51 PM,Starting program:E:\franchi8ultima.src
10/23/2024 2:53:07 PM,Completed program: E:\franchi8ultima.src
10/23/2024 2:56:18 PM,Loaded file:E:\franchi8gambe.src
10/23/2024 2:56:23 PM,Starting program:E:\franchi8gambe.src
10/23/2024 2:57:30 PM,Loaded file:E:\franchi8gambe.src
10/23/2024 2:57:36 PM,Starting program:E:\franchi8gambe.src
10/23/2024 6:32:39 PM,Completed program: E:\franchi8gambe.src
10/23/2024 6:38:44 PM,Loaded file:E:\franchi8schiena.src
10/23/2024 6:38:50 PM,Starting program:E:\franchi8schiena.src
10/24/2024 6:50:18 AM,Loaded file:E:\franchi8schiena.src
10/24/2024 6:50:23 AM,Starting program:E:\franchi8schiena.src
10/24/2024 9:13:27 AM,Completed program: E:\franchi8schiena.src
10/24/2024 9:40:32 AM,Loaded file:E:\franchi8buco.src
10/24/2024 9:40:34 AM,Starting program:E:\franchi8buco.src
10/24/2024 9:41:10 AM,Loaded file:E:\franchi8buco.src
10/24/2024 9:41:13 AM,Starting program:E:\franchi8buco.src
10/24/2024 11:04:37 AM,Completed program: E:\franchi8buco.src
10/24/2024 11:26:00 AM,Loaded file:E:\franchi8bucosotto.src
10/24/2024 11:27:04 AM,Starting program:E:\franchi8bucosotto.src
10/24/2024 1:09:23 PM,Completed program: E:\franchi8bucosotto.src
10/24/2024 2:38:29 PM,Loaded file:E:\franchi8fine.src
10/24/2024 2:38:33 PM,Starting program:E:\franchi8fine.src
10/24/2024 3:53:21 PM,Completed program: E:\franchi8fine.src
10/28/2024 5:51:26 PM,Loaded file:E:\piano60.src
10/28/2024 5:51:40 PM,Loaded file:E:\piano60.src
10/28/2024 6:04:06 PM,Loaded file:E:\piano60.src
10/28/2024 6:04:18 PM,Loaded file:E:\piano60.src
10/28/2024 6:04:31 PM,Loaded file:E:\franchi8fine.src
10/28/2024 6:04:45 PM,Loaded file:E:\piano60.src
10/28/2024 6:04:52 PM,Loaded file:E:\piano60.src
10/28/2024 6:05:07 PM,Loaded file:E:\piano60.src
10/28/2024 6:07:59 PM,Loaded file:E:\piano60.src
10/28/2024 6:08:16 PM,Loaded file:E:\piano60.src
10/28/2024 6:15:28 PM,Loaded file:E:\piano60.src
10/29/2024 7:33:33 AM,Loaded file:E:\piano60.src
10/29/2024 7:34:43 AM,Loaded file:E:\piano60.src
10/29/2024 7:36:11 AM,Loaded file:E:\piano60.src
10/29/2024 7:36:36 AM,Starting program:E:\piano60.src
10/29/2024 7:50:33 AM,Loaded file:E:\piano60.src
10/29/2024 7:50:38 AM,Starting program:E:\piano60.src
10/29/2024 7:58:15 AM,Loaded file:E:\piano60.src
10/29/2024 7:58:17 AM,Starting program:E:\piano60.src
10/29/2024 8:43:13 AM,Completed program: E:\piano60.src
10/29/2024 7:11:58 PM,Loaded file:E:\cicciona.src
10/29/2024 7:12:32 PM,Starting program:E:\cicciona.src
10/29/2024 7:21:02 PM,Loaded file:E:\cicciona.src
10/29/2024 7:21:42 PM,Starting program:E:\cicciona.src
10/29/2024 7:43:46 PM,Loaded file:E:\cicciona.src
10/29/2024 7:44:37 PM,Loaded file:E:\cicciona.src
10/29/2024 7:47:52 PM,Loaded file:E:\cicciona.src
10/29/2024 7:48:38 PM,Starting program:E:\cicciona.src
10/29/2024 7:56:53 PM,Loaded file:E:\cicciona.src
10/29/2024 7:57:32 PM,Starting program:E:\cicciona.src
10/29/2024 8:04:24 PM,Loaded file:E:\cicciona.src
10/29/2024 8:05:39 PM,Starting program:E:\cicciona.src
10/30/2024 8:17:39 AM,Loaded file:E:\cicciona.src
10/30/2024 8:19:05 AM,Loaded file:E:\cicciona.src
10/30/2024 8:19:46 AM,Starting program:E:\cicciona.src
10/30/2024 10:56:10 AM,Loaded file:E:\cicciona.src
10/30/2024 10:56:58 AM,Starting program:E:\cicciona.src
10/31/2024 10:54:23 AM,Completed program: E:\cicciona.src
10/31/2024 11:00:31 AM,Loaded file:E:\cicciona.src
10/31/2024 11:01:44 AM,Starting program:E:\cicciona.src
10/31/2024 8:25:41 PM,Completed program: E:\cicciona.src
10/31/2024 9:24:33 PM,Loaded file:E:\cicciona222.src
10/31/2024 9:24:53 PM,Starting program:E:\cicciona222.src
10/31/2024 9:27:10 PM,Loaded file:E:\cicciona222.src
10/31/2024 9:27:31 PM,Starting program:E:\cicciona222.src
11/1/2024 11:20:28 AM,Completed program: E:\cicciona222.src
11/1/2024 11:24:55 AM,Loaded file:E:\cicciona.src
11/1/2024 11:25:03 AM,Starting program:E:\cicciona.src
11/1/2024 1:19:42 PM,Completed program: E:\cicciona.src
11/1/2024 1:23:02 PM,Loaded file:E:\cicciona4.src
11/1/2024 1:23:19 PM,Starting program:E:\cicciona4.src
11/1/2024 3:00:58 PM,Completed program: E:\cicciona4.src
11/1/2024 3:21:37 PM,Loaded file:E:\cicciona.src
11/1/2024 3:22:00 PM,Loaded file:E:\cicciona.src
11/1/2024 3:23:14 PM,Starting program:E:\cicciona.src
11/1/2024 6:01:19 PM,Loaded file:E:\cicciona.src
11/1/2024 6:02:41 PM,Starting program:E:\cicciona.src
11/2/2024 2:06:36 PM,Completed program: E:\cicciona.src
11/4/2024 9:07:15 AM,Loaded file:E:\cicciona.src
11/4/2024 9:08:16 AM,Starting program:E:\cicciona.src
11/6/2024 9:18:11 AM,Loaded file:E:\222.src
11/6/2024 9:18:13 AM,Starting program:E:\222.src
11/6/2024 9:51:33 AM,Completed program: E:\222.src
11/6/2024 1:51:17 PM,Loaded file:E:\222.src
11/6/2024 1:51:23 PM,Starting program:E:\222.src
11/6/2024 3:45:33 PM,Loaded file:E:\222.src
11/6/2024 3:45:40 PM,Starting program:E:\222.src
11/6/2024 5:31:25 PM,Completed program: E:\222.src
11/7/2024 7:39:09 AM,Loaded file:E:\222.src
11/7/2024 7:39:20 AM,Starting program:E:\222.src
11/7/2024 8:37:44 AM,Completed program: E:\222.src
11/7/2024 9:12:13 AM,Loaded file:E:\222.src
11/7/2024 9:12:23 AM,Starting program:E:\222.src
11/7/2024 10:13:29 AM,Completed program: E:\222.src
11/7/2024 12:22:06 PM,Loaded file:E:\222.src
11/7/2024 12:22:25 PM,Starting program:E:\222.src
11/7/2024 5:05:14 PM,Completed program: E:\222.src
11/8/2024 7:34:35 AM,Loaded file:E:\222.src
11/8/2024 7:34:38 AM,Starting program:E:\222.src
11/8/2024 8:12:08 AM,Completed program: E:\222.src
11/8/2024 8:33:38 AM,Loaded file:E:\222.src
11/8/2024 8:33:40 AM,Starting program:E:\222.src
11/8/2024 8:54:28 AM,Completed program: E:\222.src
11/8/2024 9:00:18 AM,Loaded file:E:\222.src
11/8/2024 9:00:24 AM,Starting program:E:\222.src
11/8/2024 10:19:57 AM,Completed program: E:\222.src
11/8/2024 11:12:11 AM,Loaded file:E:\Base Vivo.src
11/8/2024 11:12:20 AM,Starting program:E:\Base Vivo.src
11/8/2024 1:51:57 PM,Completed program: E:\Base Vivo.src
11/11/2024 10:44:33 AM,Loaded file:E:\222.src
11/11/2024 10:44:35 AM,Starting program:E:\222.src
11/11/2024 11:12:58 AM,Completed program: E:\222.src
11/11/2024 12:21:47 PM,Loaded file:E:\Franchi 07.src
11/11/2024 2:51:59 PM,Starting program:E:\Franchi 07.src
11/11/2024 3:04:51 PM,Loaded file:E:\Franchi 07.src
11/11/2024 3:05:46 PM,Starting program:E:\Franchi 07.src
11/11/2024 3:28:15 PM,Loaded file:E:\Franchi 07.src
11/11/2024 3:28:16 PM,Starting program:E:\Franchi 07.src
11/11/2024 3:28:47 PM,Loaded file:E:\Franchi 07.src
11/11/2024 3:28:48 PM,Starting program:E:\Franchi 07.src
11/11/2024 5:08:16 PM,Completed program: E:\Franchi 07.src
11/12/2024 11:17:08 AM,Loaded file:E:\Franchi 07.src
11/12/2024 11:25:54 AM,Starting program:E:\Franchi 07.src
11/12/2024 8:33:14 PM,Completed program: E:\Franchi 07.src
11/13/2024 9:27:27 AM,Loaded file:E:\Franchi 07.src
11/13/2024 9:27:36 AM,Starting program:E:\Franchi 07.src
11/13/2024 12:12:29 PM,Completed program: E:\Franchi 07.src
11/13/2024 12:38:28 PM,Loaded file:E:\Franchi 07.src
11/13/2024 12:38:37 PM,Starting program:E:\Franchi 07.src
11/13/2024 3:34:21 PM,Completed program: E:\Franchi 07.src
11/13/2024 3:54:41 PM,Loaded file:E:\Franchi 07.src
11/13/2024 3:54:52 PM,Starting program:E:\Franchi 07.src
11/13/2024 5:45:14 PM,Completed program: E:\Franchi 07.src
11/14/2024 10:33:20 AM,Loaded file:E:\Franchi 07.src
11/14/2024 10:33:27 AM,Starting program:E:\Franchi 07.src
11/14/2024 12:24:51 PM,Completed program: E:\Franchi 07.src
11/14/2024 12:56:37 PM,Loaded file:E:\Franchi 07.src
11/14/2024 12:57:01 PM,Starting program:E:\Franchi 07.src
11/14/2024 4:24:23 PM,Completed program: E:\Franchi 07.src
11/15/2024 2:29:10 PM,Loaded file:E:\Franchi 07.src
11/15/2024 2:29:28 PM,Starting program:E:\Franchi 07.src
11/15/2024 3:31:16 PM,Loaded file:E:\Franchi 07.src
11/15/2024 3:31:35 PM,Starting program:E:\Franchi 07.src
11/15/2024 3:37:22 PM,Loaded file:E:\Franchi 07.src
11/15/2024 3:37:40 PM,Starting program:E:\Franchi 07.src
11/15/2024 3:49:08 PM,Loaded file:E:\Franchi 07.src
11/15/2024 3:49:28 PM,Starting program:E:\Franchi 07.src
11/15/2024 9:19:40 PM,Completed program: E:\Franchi 07.src
11/18/2024 9:46:07 AM,Loaded file:E:\Franchi 07.src
11/18/2024 9:46:11 AM,Starting program:E:\Franchi 07.src
11/18/2024 10:50:15 AM,Completed program: E:\Franchi 07.src
11/18/2024 11:06:08 AM,Loaded file:E:\Franchi 07.src
11/18/2024 11:06:20 AM,Starting program:E:\Franchi 07.src
11/18/2024 2:11:19 PM,Completed program: E:\Franchi 07.src
11/18/2024 2:50:24 PM,Loaded file:E:\Franchi 07.src
11/18/2024 2:50:32 PM,Starting program:E:\Franchi 07.src
11/18/2024 3:13:16 PM,Loaded file:E:\Franchi 07.src
11/18/2024 3:13:22 PM,Starting program:E:\Franchi 07.src
11/18/2024 4:56:18 PM,Completed program: E:\Franchi 07.src
11/19/2024 10:22:24 AM,Loaded file:E:\Franchi 07.src
11/19/2024 10:22:32 AM,Starting program:E:\Franchi 07.src
11/19/2024 12:23:48 PM,Completed program: E:\Franchi 07.src
11/19/2024 12:48:11 PM,Loaded file:E:\Franchi 07.src
11/19/2024 12:48:17 PM,Starting program:E:\Franchi 07.src
11/19/2024 2:24:31 PM,Completed program: E:\Franchi 07.src
11/20/2024 3:49:53 PM,Loaded file:E:\Franchi 08.src
11/20/2024 3:50:23 PM,Starting program:E:\Franchi 08.src
11/21/2024 12:25:04 AM,Completed program: E:\Franchi 08.src
11/21/2024 9:07:25 AM,Loaded file:E:\Franchi 08.src
11/21/2024 9:07:41 AM,Starting program:E:\Franchi 08.src
11/21/2024 7:13:15 PM,Completed program: E:\Franchi 08.src
11/22/2024 9:45:23 AM,Loaded file:E:\Franchi 08.src
11/22/2024 9:45:47 AM,Starting program:E:\Franchi 08.src
11/22/2024 1:16:58 PM,Completed program: E:\Franchi 08.src
11/22/2024 1:33:01 PM,Loaded file:E:\Franchi 08.src
11/22/2024 1:33:10 PM,Starting program:E:\Franchi 08.src
11/22/2024 4:25:15 PM,Completed program: E:\Franchi 08.src
11/22/2024 5:03:01 PM,Loaded file:E:\Franchi 08.src
11/22/2024 5:03:27 PM,Starting program:E:\Franchi 08.src
11/23/2024 11:29:03 AM,Completed program: E:\Franchi 08.src
11/25/2024 7:36:48 AM,Loaded file:E:\Franchi 08.src
11/25/2024 7:38:22 AM,Starting program:E:\Franchi 08.src
11/25/2024 10:47:32 AM,Completed program: E:\Franchi 08.src
11/25/2024 11:53:25 AM,Loaded file:E:\Franchi 08.src
11/25/2024 11:53:34 AM,Starting program:E:\Franchi 08.src
11/25/2024 12:39:43 PM,Completed program: E:\Franchi 08.src
11/25/2024 12:53:08 PM,Loaded file:E:\Franchi 08.src
11/25/2024 12:53:15 PM,Starting program:E:\Franchi 08.src
11/25/2024 3:31:13 PM,Completed program: E:\Franchi 08.src
11/25/2024 4:05:19 PM,Loaded file:E:\Franchi 08.src
11/25/2024 4:11:22 PM,Starting program:E:\Franchi 08.src
11/25/2024 9:48:10 PM,Completed program: E:\Franchi 08.src
11/26/2024 6:48:17 AM,Loaded file:E:\Franchi 08.src
11/26/2024 6:48:24 AM,Starting program:E:\Franchi 08.src
11/26/2024 8:20:05 AM,Completed program: E:\Franchi 08.src
11/26/2024 8:38:26 AM,Loaded file:E:\Franchi 08.src
11/26/2024 8:38:42 AM,Starting program:E:\Franchi 08.src
11/26/2024 2:43:35 PM,Completed program: E:\Franchi 08.src
11/26/2024 2:47:06 PM,Loaded file:E:\Franchi 08.src
11/26/2024 2:47:16 PM,Starting program:E:\Franchi 08.src
11/26/2024 2:49:24 PM,Loaded file:E:\Franchi 08.src
11/26/2024 2:49:31 PM,Starting program:E:\Franchi 08.src
11/26/2024 2:53:32 PM,Loaded file:E:\Franchi 08.src
11/26/2024 3:06:15 PM,Loaded file:E:\Franchi 08.src
11/26/2024 3:06:23 PM,Starting program:E:\Franchi 08.src
11/27/2024 6:12:32 PM,Loaded file:E:\Medusa.src
11/27/2024 6:14:00 PM,Starting program:E:\Medusa.src
11/28/2024 10:51:18 AM,Completed program: E:\Medusa.src
11/28/2024 11:19:10 AM,Loaded file:E:\Medusa.src
11/28/2024 11:19:19 AM,Starting program:E:\Medusa.src
11/28/2024 5:06:37 PM,Completed program: E:\Medusa.src
11/28/2024 6:53:13 PM,Loaded file:E:\Medusa.src
11/28/2024 6:53:31 PM,Starting program:E:\Medusa.src
11/29/2024 4:41:40 AM,Completed program: E:\Medusa.src
11/29/2024 8:00:17 AM,Loaded file:E:\Medusa.src
11/29/2024 8:00:31 AM,Starting program:E:\Medusa.src
11/29/2024 2:53:09 PM,Completed program: E:\Medusa.src
11/29/2024 2:58:14 PM,Loaded file:E:\Medusa.src
11/29/2024 2:59:39 PM,Starting program:E:\Medusa.src
11/29/2024 8:03:16 PM,Completed program: E:\Medusa.src
11/30/2024 7:01:14 AM,Loaded file:E:\Medusa.src
11/30/2024 7:01:24 AM,Starting program:E:\Medusa.src
11/30/2024 9:52:46 AM,Completed program: E:\Medusa.src
11/30/2024 10:21:09 AM,Loaded file:E:\Medusa.src
11/30/2024 10:21:14 AM,Starting program:E:\Medusa.src
11/30/2024 11:22:44 AM,Completed program: E:\Medusa.src
11/30/2024 12:21:21 PM,Loaded file:E:\Medusa.src
11/30/2024 12:21:43 PM,Starting program:E:\Medusa.src
12/2/2024 9:49:52 AM,Loaded file:E:\Medusa.src
12/2/2024 9:50:03 AM,Starting program:E:\Medusa.src
12/2/2024 1:15:20 PM,Completed program: E:\Medusa.src
12/2/2024 1:51:13 PM,Loaded file:E:\Medusa.src
12/2/2024 1:51:26 PM,Starting program:E:\Medusa.src
12/2/2024 6:46:56 PM,Completed program: E:\Medusa.src
12/2/2024 6:54:52 PM,Loaded file:E:\Medusa.src
12/2/2024 6:55:13 PM,Starting program:E:\Medusa.src
12/3/2024 3:11:13 AM,Completed program: E:\Medusa.src
12/3/2024 7:19:02 AM,Loaded file:E:\Medusa.src
12/3/2024 7:20:01 AM,Starting program:E:\Medusa.src
12/3/2024 10:14:51 AM,Completed program: E:\Medusa.src
12/3/2024 10:33:46 AM,Loaded file:E:\Medusa.src
12/3/2024 10:34:07 AM,Starting program:E:\Medusa.src
12/3/2024 6:13:19 PM,Completed program: E:\Medusa.src
12/3/2024 6:47:16 PM,Loaded file:E:\Medusa.src
12/3/2024 6:47:29 PM,Starting program:E:\Medusa.src
12/4/2024 2:07:40 PM,Loaded file:E:\Medusa.src
12/4/2024 2:08:03 PM,Starting program:E:\Medusa.src
12/4/2024 6:12:57 PM,Loaded file:E:\Medusa.src
12/4/2024 6:13:03 PM,Starting program:E:\Medusa.src
12/5/2024 9:52:13 AM,Completed program: E:\Medusa.src
12/5/2024 12:00:23 PM,Loaded file:E:\Medusa.src
12/5/2024 12:00:35 PM,Starting program:E:\Medusa.src
12/5/2024 2:59:58 PM,Completed program: E:\Medusa.src
12/5/2024 4:29:39 PM,Loaded file:E:\Medusa.src
12/5/2024 4:30:01 PM,Starting program:E:\Medusa.src
12/6/2024 10:58:56 AM,Completed program: E:\Medusa.src
12/6/2024 11:22:34 AM,Loaded file:E:\Medusa.src
12/6/2024 11:22:42 AM,Starting program:E:\Medusa.src
12/6/2024 1:17:46 PM,Completed program: E:\Medusa.src
12/6/2024 1:42:17 PM,Loaded file:E:\Medusa.src
12/6/2024 1:42:27 PM,Starting program:E:\Medusa.src
12/6/2024 2:16:57 PM,Completed program: E:\Medusa.src
12/6/2024 3:51:20 PM,Loaded file:E:\Medusa.src
12/6/2024 3:51:52 PM,Starting program:E:\Medusa.src
12/7/2024 6:36:13 AM,Loaded file:E:\Medusa.src
12/7/2024 6:36:43 AM,Starting program:E:\Medusa.src
12/7/2024 7:19:04 PM,Completed program: E:\Medusa.src
12/7/2024 7:23:22 PM,Loaded file:E:\Medusa.src
12/7/2024 7:24:07 PM,Starting program:E:\Medusa.src
12/9/2024 8:46:48 AM,Loaded file:E:\Medusa.src
12/9/2024 8:47:43 AM,Starting program:E:\Medusa.src
12/9/2024 10:58:46 PM,Completed program: E:\Medusa.src
12/10/2024 6:41:12 AM,Loaded file:E:\Medusa.src
12/10/2024 6:41:47 AM,Starting program:E:\Medusa.src
12/10/2024 4:31:26 PM,Completed program: E:\Medusa.src
12/10/2024 4:38:20 PM,Loaded file:E:\Medusa.src
12/10/2024 4:38:42 PM,Starting program:E:\Medusa.src
12/10/2024 11:32:35 PM,Completed program: E:\Medusa.src
12/11/2024 8:08:18 AM,Loaded file:E:\Medusa.src
12/11/2024 8:08:38 AM,Starting program:E:\Medusa.src
12/11/2024 2:16:21 PM,Completed program: E:\Medusa.src
12/12/2024 7:07:58 AM,Loaded file:E:\Medusa.src
12/12/2024 7:08:06 AM,Starting program:E:\Medusa.src
12/12/2024 7:13:38 AM,Loaded file:E:\Medusa.src
12/12/2024 7:13:41 AM,Starting program:E:\Medusa.src
12/12/2024 8:47:03 AM,Completed program: E:\Medusa.src
12/12/2024 9:33:41 AM,Loaded file:E:\Medusa.src
12/12/2024 9:33:47 AM,Starting program:E:\Medusa.src
12/12/2024 10:47:07 AM,Completed program: E:\Medusa.src
12/12/2024 11:41:10 AM,Loaded file:E:\Medusa.src
12/12/2024 11:41:12 AM,Starting program:E:\Medusa.src
12/12/2024 12:33:44 PM,Completed program: E:\Medusa.src
12/12/2024 12:52:15 PM,Loaded file:E:\Medusa.src
12/12/2024 12:52:33 PM,Starting program:E:\Medusa.src
12/12/2024 1:17:54 PM,Completed program: E:\Medusa.src
12/16/2024 2:43:29 PM,Loaded file:E:\Base R2.src
12/16/2024 2:46:47 PM,Loaded file:E:\BaseR2.src
12/16/2024 2:48:00 PM,Starting program:E:\BaseR2.src
12/16/2024 7:16:23 PM,Completed program: E:\BaseR2.src
12/17/2024 6:39:06 AM,Loaded file:E:\BaseR2.src
12/17/2024 6:39:13 AM,Starting program:E:\BaseR2.src
12/17/2024 6:59:34 AM,Completed program: E:\BaseR2.src
12/17/2024 10:27:17 AM,Loaded file:E:\MadonnaManiBasse.src
12/17/2024 10:27:58 AM,Starting program:E:\MadonnaManiBasse.src
12/18/2024 9:52:02 AM,Completed program: E:\MadonnaManiBasse.src
12/18/2024 10:10:10 AM,Loaded file:E:\MadonnaManiBasse.src
12/18/2024 10:10:54 AM,Starting program:E:\MadonnaManiBasse.src
12/19/2024 9:11:12 AM,Completed program: E:\MadonnaManiBasse.src
12/19/2024 10:34:59 AM,Loaded file:E:\MadonnaManiBasse.src
12/19/2024 10:35:37 AM,Starting program:E:\MadonnaManiBasse.src
12/19/2024 9:04:19 PM,Completed program: E:\MadonnaManiBasse.src
12/20/2024 12:58:46 PM,Loaded file:E:\BaseR2.src
12/20/2024 12:58:54 PM,Starting program:E:\BaseR2.src
12/20/2024 1:23:33 PM,Completed program: E:\BaseR2.src
12/21/2024 6:45:19 AM,Loaded file:E:\FonzyLavabo.src
12/21/2024 6:45:28 AM,Starting program:E:\FonzyLavabo.src
12/21/2024 10:36:03 PM,Completed program: E:\FonzyLavabo.src
12/22/2024 8:46:37 AM,Loaded file:E:\FonzyLavabo.src
12/22/2024 8:46:43 AM,Starting program:E:\FonzyLavabo.src
12/22/2024 1:43:47 PM,Completed program: E:\FonzyLavabo.src
1/7/2025 10:06:36 AM,Loaded file:E:\FonzyLavabo.src
1/7/2025 10:11:46 AM,Starting program:E:\FonzyLavabo.src
1/7/2025 1:49:48 PM,Completed program: E:\FonzyLavabo.src
1/7/2025 3:41:12 PM,Loaded file:E:\madonnina_Dorici.src
1/7/2025 3:41:39 PM,Starting program:E:\madonnina_Dorici.src
1/8/2025 6:11:20 AM,Completed program: E:\madonnina_Dorici.src
1/8/2025 7:34:33 AM,Loaded file:E:\madonnina_Dorici.src
1/8/2025 7:34:50 AM,Starting program:E:\madonnina_Dorici.src
1/8/2025 7:14:09 PM,Completed program: E:\madonnina_Dorici.src
1/9/2025 10:30:10 AM,Loaded file:E:\madonnina_Dorici.src
1/9/2025 10:30:32 AM,Starting program:E:\madonnina_Dorici.src
1/9/2025 3:03:58 PM,Completed program: E:\madonnina_Dorici.src
1/9/2025 3:06:31 PM,Loaded file:E:\madonnina_Dorici.src
1/9/2025 3:06:42 PM,Starting program:E:\madonnina_Dorici.src
1/9/2025 3:26:43 PM,Completed program: E:\madonnina_Dorici.src
1/9/2025 3:48:45 PM,Loaded file:E:\madonnina_Dorici.src
1/9/2025 3:49:08 PM,Starting program:E:\madonnina_Dorici.src
1/10/2025 8:18:13 AM,Completed program: E:\madonnina_Dorici.src
1/10/2025 3:10:48 PM,Loaded file:E:\madonnina_Dorici.src
1/10/2025 3:10:49 PM,Starting program:E:\madonnina_Dorici.src
1/10/2025 6:57:33 PM,Completed program: E:\madonnina_Dorici.src
1/11/2025 10:46:10 AM,Loaded file:E:\Helio.src
1/11/2025 10:46:34 AM,Starting program:E:\Helio.src
1/11/2025 6:13:06 PM,Completed program: E:\Helio.src
1/11/2025 6:57:08 PM,Loaded file:E:\Helio.src
1/11/2025 6:57:19 PM,Starting program:E:\Helio.src
1/11/2025 11:42:49 PM,Completed program: E:\Helio.src
1/12/2025 6:58:09 PM,Loaded file:E:\Helio.src
1/12/2025 6:58:11 PM,Starting program:E:\Helio.src
1/12/2025 7:14:16 PM,Completed program: E:\Helio.src
1/12/2025 7:16:50 PM,Loaded file:E:\Helio.src
1/12/2025 7:16:58 PM,Starting program:E:\Helio.src
1/12/2025 7:31:10 PM,Completed program: E:\Helio.src
1/13/2025 1:24:22 PM,Loaded file:E:\Volante.src
1/13/2025 1:24:37 PM,Starting program:E:\Volante.src
1/13/2025 7:26:48 PM,Completed program: E:\Volante.src
1/13/2025 7:30:42 PM,Loaded file:E:\Volante.src
1/13/2025 7:30:49 PM,Starting program:E:\Volante.src
1/13/2025 8:10:45 PM,Completed program: E:\Volante.src
1/13/2025 8:15:23 PM,Loaded file:E:\Volante.src
1/13/2025 8:15:28 PM,Starting program:E:\Volante.src
1/14/2025 8:40:28 AM,Completed program: E:\Volante.src
1/14/2025 9:35:06 AM,Loaded file:E:\Volante.src
1/14/2025 9:35:08 AM,Starting program:E:\Volante.src
1/14/2025 10:08:30 AM,Completed program: E:\Volante.src
1/14/2025 12:05:45 PM,Loaded file:E:\Patinadora.src
1/14/2025 12:23:09 PM,Starting program:E:\Patinadora.src
1/14/2025 12:23:25 PM,Loaded file:E:\Patinadora.src
1/14/2025 12:23:37 PM,Starting program:E:\Patinadora.src
1/14/2025 2:18:03 PM,Loaded file:E:\Patinadora.src
1/14/2025 2:18:15 PM,Starting program:E:\Patinadora.src
1/14/2025 8:42:15 PM,Completed program: E:\Patinadora.src
1/15/2025 8:49:41 AM,Loaded file:E:\Patinadora.src
1/15/2025 8:49:52 AM,Starting program:E:\Patinadora.src
1/15/2025 4:23:04 PM,Completed program: E:\Patinadora.src
1/15/2025 4:40:07 PM,Loaded file:E:\Patinadora.src
1/15/2025 4:40:18 PM,Starting program:E:\Patinadora.src
1/15/2025 11:24:27 PM,Completed program: E:\Patinadora.src
1/16/2025 7:10:08 AM,Loaded file:E:\Patinadora.src
1/16/2025 7:10:45 AM,Starting program:E:\Patinadora.src
1/16/2025 7:20:07 AM,Loaded file:E:\Patinadora.src
1/16/2025 7:20:19 AM,Starting program:E:\Patinadora.src
1/16/2025 12:59:17 PM,Completed program: E:\Patinadora.src
1/17/2025 10:38:22 AM,Loaded file:E:\Choral Flame.src
1/17/2025 10:57:47 AM,Starting program:E:\Choral Flame.src
1/17/2025 12:06:38 PM,Loaded file:E:\Choral Flame.src
1/17/2025 12:07:37 PM,Starting program:E:\Choral Flame.src
1/17/2025 11:41:03 PM,Completed program: E:\Choral Flame.src
1/18/2025 6:50:47 AM,Loaded file:E:\Choral Flame.src
1/18/2025 6:51:03 AM,Starting program:E:\Choral Flame.src
1/18/2025 4:45:01 PM,Completed program: E:\Choral Flame.src
1/19/2025 9:24:55 AM,Loaded file:E:\Choral Flame.src
1/19/2025 9:25:19 AM,Starting program:E:\Choral Flame.src
1/19/2025 9:28:31 AM,Loaded file:E:\Choral Flame.src
1/19/2025 9:34:09 AM,Loaded file:E:\Choral Flame.src
1/19/2025 9:34:22 AM,Starting program:E:\Choral Flame.src
1/19/2025 9:39:32 AM,Loaded file:E:\Choral Flame.src
1/19/2025 9:39:46 AM,Starting program:E:\Choral Flame.src
1/19/2025 9:40:32 AM,Loaded file:E:\Choral Flame.src
1/19/2025 9:40:42 AM,Starting program:E:\Choral Flame.src
1/19/2025 9:42:15 AM,Loaded file:E:\Choral Flame.src
1/19/2025 9:42:27 AM,Starting program:E:\Choral Flame.src
1/20/2025 9:37:22 AM,Loaded file:E:\Choral Flame.src
1/20/2025 10:13:47 AM,Starting program:E:\Choral Flame.src
1/20/2025 3:55:05 PM,Completed program: E:\Choral Flame.src
1/20/2025 4:01:41 PM,Loaded file:E:\Choral Flame.src
1/20/2025 4:01:53 PM,Starting program:E:\Choral Flame.src
1/20/2025 8:56:51 PM,Completed program: E:\Choral Flame.src
1/21/2025 12:42:26 PM,Loaded file:E:\Vasca Zebrino.src
1/21/2025 12:43:06 PM,Starting program:E:\Vasca Zebrino.src
1/23/2025 8:21:18 AM,Completed program: E:\Vasca Zebrino.src
1/23/2025 8:25:28 AM,Loaded file:E:\Vasca Zebrino.src
1/23/2025 8:25:40 AM,Starting program:E:\Vasca Zebrino.src
1/23/2025 2:25:56 PM,Completed program: E:\Vasca Zebrino.src
1/23/2025 2:28:44 PM,Loaded file:E:\Vasca Zebrino.src
1/23/2025 2:29:37 PM,Starting program:E:\Vasca Zebrino.src
1/25/2025 5:36:31 AM,Completed program: E:\Vasca Zebrino.src
1/25/2025 7:22:31 AM,Loaded file:E:\Vasca Zebrino.src
1/25/2025 7:22:33 AM,Starting program:E:\Vasca Zebrino.src
1/25/2025 7:48:41 AM,Completed program: E:\Vasca Zebrino.src
1/27/2025 11:31:23 AM,Loaded file:E:\Vasca Zebrino.src
1/27/2025 11:31:44 AM,Loaded file:E:\Vasca Zebrino.src
1/27/2025 11:47:26 AM,Starting program:E:\Vasca Zebrino.src
1/27/2025 1:34:41 PM,Completed program: E:\Vasca Zebrino.src
1/28/2025 8:18:54 AM,Loaded file:E:\Vasca Zebrino.src
1/28/2025 8:26:44 AM,Starting program:E:\Vasca Zebrino.src
1/28/2025 9:51:49 AM,Completed program: E:\Vasca Zebrino.src
1/28/2025 1:25:21 PM,Loaded file:E:\Zeus.src
1/28/2025 1:25:31 PM,Starting program:E:\Zeus.src
1/28/2025 3:33:04 PM,Completed program: E:\Zeus.src
1/28/2025 3:38:35 PM,Loaded file:E:\Zeus.src
1/28/2025 3:38:41 PM,Starting program:E:\Zeus.src
1/28/2025 3:39:20 PM,Loaded file:E:\Zeus.src
1/28/2025 3:39:30 PM,Starting program:E:\Zeus.src
1/28/2025 6:30:14 PM,Completed program: E:\Zeus.src
1/29/2025 12:42:05 PM,Loaded file:E:\Zeus.src
1/29/2025 12:42:39 PM,Starting program:E:\Zeus.src
1/29/2025 12:50:55 PM,Loaded file:E:\Zeus.src
1/29/2025 12:51:25 PM,Starting program:E:\Zeus.src
1/29/2025 5:34:40 PM,Loaded file:E:\Zeus.src
1/29/2025 5:35:02 PM,Starting program:E:\Zeus.src
1/30/2025 8:29:23 AM,Loaded file:E:\Zeus.src
1/30/2025 8:29:34 AM,Starting program:E:\Zeus.src
1/30/2025 10:50:16 AM,Completed program: E:\Zeus.src
1/30/2025 11:35:23 AM,Loaded file:E:\Zeus.src
1/30/2025 11:35:41 AM,Starting program:E:\Zeus.src
1/30/2025 12:59:00 PM,Loaded file:E:\Zeus.src
1/30/2025 12:59:07 PM,Starting program:E:\Zeus.src
1/30/2025 3:11:17 PM,Completed program: E:\Zeus.src
1/30/2025 5:24:59 PM,Loaded file:E:\Zeus.src
1/30/2025 5:25:39 PM,Starting program:E:\Zeus.src
1/31/2025 7:37:44 AM,Loaded file:E:\Zeus.src
1/31/2025 7:39:22 AM,Starting program:E:\Zeus.src
1/31/2025 9:46:33 AM,Loaded file:E:\Zeus.src
1/31/2025 9:46:56 AM,Starting program:E:\Zeus.src
1/31/2025 1:31:38 PM,Completed program: E:\Zeus.src
2/1/2025 7:43:59 AM,Loaded file:E:\Cristo.src
2/1/2025 7:54:30 AM,Starting program:E:\Cristo.src
2/2/2025 2:36:11 PM,Loaded file:E:\Cristo.src
2/2/2025 2:38:06 PM,Starting program:E:\Cristo.src
2/3/2025 7:48:39 AM,Completed program: E:\Cristo.src
2/3/2025 9:09:59 AM,Loaded file:E:\Cristo.src
2/3/2025 9:10:20 AM,Starting program:E:\Cristo.src
2/3/2025 3:46:05 PM,Loaded file:E:\Cristo.src
2/3/2025 3:46:06 PM,Starting program:E:\Cristo.src
2/3/2025 3:53:35 PM,Completed program: E:\Cristo.src
2/3/2025 4:03:50 PM,Loaded file:E:\Cristo.src
2/3/2025 4:03:58 PM,Starting program:E:\Cristo.src
2/3/2025 6:45:35 PM,Completed program: E:\Cristo.src
2/3/2025 6:49:29 PM,Loaded file:E:\Cristo.src
2/3/2025 6:50:08 PM,Starting program:E:\Cristo.src
2/5/2025 9:25:45 AM,Completed program: E:\Cristo.src
2/5/2025 10:01:34 AM,Loaded file:E:\Cristo.src
2/5/2025 10:02:08 AM,Starting program:E:\Cristo.src
2/5/2025 7:16:49 PM,Completed program: E:\Cristo.src
2/6/2025 7:09:38 AM,Loaded file:E:\Cristo.src
2/6/2025 7:10:04 AM,Starting program:E:\Cristo.src
2/6/2025 5:28:59 PM,Completed program: E:\Cristo.src
2/6/2025 5:40:41 PM,Loaded file:E:\Cristo.src
2/6/2025 5:40:52 PM,Starting program:E:\Cristo.src
2/6/2025 10:29:59 PM,Completed program: E:\Cristo.src
2/7/2025 4:59:43 PM,Loaded file:E:\Maria.src
2/7/2025 5:00:07 PM,Loaded file:E:\Maria.src
2/7/2025 5:00:18 PM,Starting program:E:\Maria.src
2/8/2025 12:56:11 PM,Completed program: E:\Maria.src
2/8/2025 1:01:03 PM,Loaded file:E:\Maria.src
2/8/2025 1:01:21 PM,Starting program:E:\Maria.src
2/9/2025 9:37:51 AM,Completed program: E:\Maria.src
2/10/2025 9:25:46 AM,Loaded file:E:\Maria.src
2/10/2025 9:25:55 AM,Starting program:E:\Maria.src
2/10/2025 10:41:46 AM,Loaded file:E:\Maria.src
2/10/2025 11:02:32 AM,Loaded file:E:\Maria.src
2/10/2025 11:02:37 AM,Starting program:E:\Maria.src
2/10/2025 12:18:34 PM,Completed program: E:\Maria.src
2/10/2025 12:23:50 PM,Loaded file:E:\Maria.src
2/10/2025 12:24:00 PM,Starting program:E:\Maria.src
2/10/2025 2:30:28 PM,Loaded file:E:\Maria.src
2/10/2025 2:30:40 PM,Starting program:E:\Maria.src
2/10/2025 5:26:09 PM,Completed program: E:\Maria.src
2/10/2025 5:36:49 PM,Loaded file:E:\Maria.src
2/10/2025 5:36:56 PM,Starting program:E:\Maria.src
2/10/2025 8:06:04 PM,Completed program: E:\Maria.src
2/11/2025 9:51:24 AM,Loaded file:E:\Maria.src
2/11/2025 9:52:21 AM,Starting program:E:\Maria.src
2/11/2025 1:09:56 PM,Completed program: E:\Maria.src
2/17/2025 9:15:00 AM,Loaded file:E:\R2.src
2/17/2025 9:15:39 AM,Loaded file:E:\R2.src
2/17/2025 9:16:42 AM,Starting program:E:\R2.src
2/17/2025 10:00:18 AM,Completed program: E:\R2.src
2/17/2025 2:06:37 PM,Loaded file:E:\FMF 01.src
2/17/2025 2:06:52 PM,Starting program:E:\FMF 01.src
2/18/2025 8:53:33 AM,Completed program: E:\FMF 01.src
2/18/2025 9:20:40 AM,Loaded file:E:\FMF 01.src
2/18/2025 9:20:45 AM,Starting program:E:\FMF 01.src
2/18/2025 11:16:51 AM,Completed program: E:\FMF 01.src
2/18/2025 12:09:49 PM,Loaded file:E:\FMF 01.src
2/18/2025 12:10:24 PM,Starting program:E:\FMF 01.src
2/18/2025 2:39:25 PM,Completed program: E:\FMF 01.src
2/18/2025 3:46:19 PM,Loaded file:E:\FMF 01.src
2/18/2025 3:46:28 PM,Starting program:E:\FMF 01.src
2/18/2025 3:46:50 PM,Loaded file:E:\FMF 01.src
2/18/2025 3:46:58 PM,Starting program:E:\FMF 01.src
2/18/2025 5:26:20 PM,Completed program: E:\FMF 01.src
2/19/2025 7:04:23 AM,Loaded file:E:\FMF 01.src
2/19/2025 7:06:58 AM,Starting program:E:\FMF 01.src
2/19/2025 7:31:15 AM,Loaded file:E:\FMF 01.src
2/19/2025 7:31:38 AM,Starting program:E:\FMF 01.src
2/19/2025 10:43:06 AM,Completed program: E:\FMF 01.src
2/19/2025 11:04:30 AM,Loaded file:E:\FMF 01.src
2/19/2025 11:04:39 AM,Starting program:E:\FMF 01.src
2/19/2025 12:39:46 PM,Completed program: E:\FMF 01.src
2/19/2025 1:18:34 PM,Loaded file:E:\FMF 01.src
2/19/2025 1:18:42 PM,Starting program:E:\FMF 01.src
2/19/2025 2:26:16 PM,Completed program: E:\FMF 01.src
2/19/2025 3:15:03 PM,Loaded file:E:\FMF 01.src
2/19/2025 3:15:09 PM,Starting program:E:\FMF 01.src
2/19/2025 3:17:33 PM,Loaded file:E:\FMF 01.src
2/19/2025 3:17:38 PM,Starting program:E:\FMF 01.src
2/19/2025 4:15:37 PM,Completed program: E:\FMF 01.src
2/19/2025 4:23:42 PM,Loaded file:E:\FMF 01.src
2/19/2025 4:23:49 PM,Starting program:E:\FMF 01.src
2/19/2025 5:59:32 PM,Completed program: E:\FMF 01.src
2/19/2025 6:08:32 PM,Loaded file:E:\FMF 01.src
2/19/2025 6:08:34 PM,Starting program:E:\FMF 01.src
2/19/2025 6:18:19 PM,Completed program: E:\FMF 01.src
2/24/2025 4:56:54 PM,Loaded file:E:\Madonna lurdes.src
2/24/2025 4:57:20 PM,Starting program:E:\Madonna lurdes.src
2/26/2025 4:58:16 AM,Completed program: E:\Madonna lurdes.src
2/26/2025 7:36:36 AM,Loaded file:E:\Madonna lurdes.src
2/26/2025 7:36:58 AM,Starting program:E:\Madonna lurdes.src
2/27/2025 12:05:49 AM,Completed program: E:\Madonna lurdes.src
2/27/2025 6:49:04 AM,Loaded file:E:\Madonna lurdes.src
2/27/2025 6:49:30 AM,Starting program:E:\Madonna lurdes.src
2/27/2025 3:54:59 PM,Completed program: E:\Madonna lurdes.src
2/27/2025 4:08:17 PM,Loaded file:E:\Madonna lurdes.src
2/27/2025 4:08:32 PM,Starting program:E:\Madonna lurdes.src
2/27/2025 10:24:10 PM,Completed program: E:\Madonna lurdes.src
3/4/2025 9:04:24 AM,Loaded file:E:\Ferdi.src
3/4/2025 9:25:06 AM,Starting program:E:\Ferdi.src
3/6/2025 1:01:21 AM,Completed program: E:\Ferdi.src
3/6/2025 6:35:42 AM,Loaded file:E:\Ferdi.src
3/6/2025 6:36:00 AM,Starting program:E:\Ferdi.src
3/6/2025 2:39:34 PM,Completed program: E:\Ferdi.src
3/6/2025 2:45:02 PM,Loaded file:E:\Ferdi.src
3/6/2025 2:45:19 PM,Starting program:E:\Ferdi.src
3/6/2025 3:01:23 PM,Loaded file:E:\Ferdi.src
3/6/2025 3:02:50 PM,Starting program:E:\Ferdi.src
3/6/2025 8:34:42 PM,Completed program: E:\Ferdi.src
3/7/2025 7:19:10 AM,Loaded file:E:\Ferdi.src
3/7/2025 7:19:47 AM,Starting program:E:\Ferdi.src
3/8/2025 1:38:49 AM,Completed program: E:\Ferdi.src
3/8/2025 9:38:22 AM,Loaded file:E:\Ferdi.src
3/8/2025 9:38:45 AM,Starting program:E:\Ferdi.src
3/8/2025 6:16:27 PM,Completed program: E:\Ferdi.src
3/10/2025 3:47:21 PM,Loaded file:D:\RM-Robocut 4.0\suorina.src
3/10/2025 3:54:05 PM,Loaded file:D:\RM-Robocut 4.0\suorina.src
3/10/2025 3:54:19 PM,Starting program:D:\RM-Robocut 4.0\suorina.src
3/11/2025 12:15:19 AM,Completed program: D:\RM-Robocut 4.0\suorina.src
3/11/2025 5:32:15 AM,Loaded file:D:\RM-Robocut Programs\suorina.src
3/11/2025 5:32:56 AM,Starting program:D:\RM-Robocut Programs\suorina.src
3/11/2025 10:52:54 AM,Completed program: D:\RM-Robocut Programs\suorina.src
3/11/2025 11:37:15 AM,Loaded file:D:\RM-Robocut Programs\suorina.src
3/11/2025 11:37:33 AM,Starting program:D:\RM-Robocut Programs\suorina.src
3/11/2025 3:54:18 PM,Completed program: D:\RM-Robocut Programs\suorina.src
3/11/2025 4:04:24 PM,Loaded file:D:\RM-Robocut Programs\suorina.src
3/11/2025 4:04:44 PM,Starting program:D:\RM-Robocut Programs\suorina.src
3/11/2025 8:21:40 PM,Completed program: D:\RM-Robocut Programs\suorina.src
3/12/2025 5:17:37 AM,Loaded file:D:\RM-Robocut Programs\suorina.src
3/12/2025 5:23:40 AM,Loaded file:D:\RM-Robocut Programs\suorina.src
3/12/2025 5:23:54 AM,Starting program:D:\RM-Robocut Programs\suorina.src
3/12/2025 8:30:52 AM,Completed program: D:\RM-Robocut Programs\suorina.src
3/12/2025 8:56:46 AM,Loaded file:D:\RM-Robocut Programs\suorina.src
3/12/2025 8:56:53 AM,Starting program:D:\RM-Robocut Programs\suorina.src
3/12/2025 10:32:50 AM,Completed program: D:\RM-Robocut Programs\suorina.src
3/13/2025 3:52:33 PM,Loaded file:D:\RM-Robocut Programs\Clara.src
3/13/2025 3:54:11 PM,Starting program:D:\RM-Robocut Programs\Clara.src
3/14/2025 4:05:46 AM,Completed program: D:\RM-Robocut Programs\Clara.src
3/14/2025 5:58:52 AM,Loaded file:D:\RM-Robocut Programs\Clara.src
3/14/2025 5:59:06 AM,Starting program:D:\RM-Robocut Programs\Clara.src
3/14/2025 6:04:26 PM,Completed program: D:\RM-Robocut Programs\Clara.src
3/14/2025 6:06:21 PM,Loaded file:D:\RM-Robocut Programs\Clara.src
3/14/2025 6:08:08 PM,Starting program:D:\RM-Robocut Programs\Clara.src
3/15/2025 6:10:33 AM,Loaded file:D:\RM-Robocut Programs\Clara.src
3/15/2025 6:11:03 AM,Starting program:D:\RM-Robocut Programs\Clara.src
3/15/2025 7:14:58 AM,Completed program: D:\RM-Robocut Programs\Clara.src
3/18/2025 8:06:44 AM,Loaded file:D:\RM-Robocut Programs\Patinadora.src
3/18/2025 8:07:46 AM,Starting program:D:\RM-Robocut Programs\Patinadora.src
3/18/2025 10:15:50 AM,Completed program: D:\RM-Robocut Programs\Patinadora.src
3/18/2025 10:19:38 AM,Loaded file:D:\RM-Robocut Programs\Patinadora.src
3/18/2025 10:20:03 AM,Starting program:D:\RM-Robocut Programs\Patinadora.src
3/18/2025 12:21:27 PM,Completed program: D:\RM-Robocut Programs\Patinadora.src
3/18/2025 12:42:57 PM,Loaded file:D:\RM-Robocut Programs\Patinadora.src
3/18/2025 12:43:12 PM,Starting program:D:\RM-Robocut Programs\Patinadora.src
3/18/2025 2:50:31 PM,Completed program: D:\RM-Robocut Programs\Patinadora.src
3/18/2025 2:52:25 PM,Loaded file:D:\RM-Robocut Programs\Patinadora.src
3/18/2025 2:53:13 PM,Starting program:D:\RM-Robocut Programs\Patinadora.src
3/19/2025 1:26:28 PM,Loaded file:D:\RM-Robocut Programs\Vicino A-B.src
3/19/2025 1:26:35 PM,Starting program:D:\RM-Robocut Programs\Vicino A-B.src
3/19/2025 5:11:56 PM,Completed program: D:\RM-Robocut Programs\Vicino A-B.src
3/19/2025 5:13:56 PM,Loaded file:D:\RM-Robocut Programs\Vicino A-B.src
3/19/2025 5:14:27 PM,Starting program:D:\RM-Robocut Programs\Vicino A-B.src
3/19/2025 9:43:11 PM,Completed program: D:\RM-Robocut Programs\Vicino A-B.src
3/20/2025 8:26:21 AM,Loaded file:D:\RM-Robocut Programs\Vicino A-B.src
3/20/2025 8:26:57 AM,Starting program:D:\RM-Robocut Programs\Vicino A-B.src
3/20/2025 11:46:54 AM,Loaded file:D:\RM-Robocut Programs\Vicino A-B.src
3/20/2025 11:48:39 AM,Starting program:D:\RM-Robocut Programs\Vicino A-B.src
3/20/2025 11:51:43 AM,Loaded file:D:\RM-Robocut Programs\Vicino A-B.src
3/20/2025 11:52:17 AM,Starting program:D:\RM-Robocut Programs\Vicino A-B.src
3/20/2025 12:41:10 PM,Completed program: D:\RM-Robocut Programs\Vicino A-B.src
3/20/2025 12:45:08 PM,Loaded file:D:\RM-Robocut Programs\Vicino A-B.src
3/20/2025 12:46:39 PM,Starting program:D:\RM-Robocut Programs\Vicino A-B.src
3/20/2025 4:16:09 PM,Completed program: D:\RM-Robocut Programs\Vicino A-B.src
3/21/2025 10:35:25 AM,Loaded file:D:\RM-Robocut Programs\Vicino A-B.src
3/21/2025 10:35:35 AM,Starting program:D:\RM-Robocut Programs\Vicino A-B.src
3/21/2025 3:01:56 PM,Completed program: D:\RM-Robocut Programs\Vicino A-B.src
3/21/2025 3:13:07 PM,Loaded file:D:\RM-Robocut Programs\Vicino A-B.src
3/21/2025 3:16:21 PM,Starting program:D:\RM-Robocut Programs\Vicino A-B.src
3/21/2025 8:25:49 PM,Completed program: D:\RM-Robocut Programs\Vicino A-B.src
3/25/2025 11:58:22 AM,Loaded file:D:\RM-Robocut Programs\AD marmi.src
3/25/2025 11:58:28 AM,Starting program:D:\RM-Robocut Programs\AD marmi.src
3/25/2025 2:54:38 PM,Completed program: D:\RM-Robocut Programs\AD marmi.src
3/25/2025 3:03:36 PM,Loaded file:D:\RM-Robocut Programs\AD marmi.src
3/25/2025 3:04:03 PM,Starting program:D:\RM-Robocut Programs\AD marmi.src
3/25/2025 4:05:16 PM,Completed program: D:\RM-Robocut Programs\AD marmi.src
3/25/2025 4:10:38 PM,Loaded file:D:\RM-Robocut Programs\AD marmi.src
3/25/2025 4:11:07 PM,Starting program:D:\RM-Robocut Programs\AD marmi.src
3/25/2025 4:11:17 PM,Loaded file:D:\RM-Robocut Programs\AD marmi.src
3/25/2025 4:11:31 PM,Starting program:D:\RM-Robocut Programs\AD marmi.src
3/25/2025 4:16:52 PM,Completed program: D:\RM-Robocut Programs\AD marmi.src
3/25/2025 4:19:43 PM,Loaded file:D:\RM-Robocut Programs\AD marmi.src
3/25/2025 4:19:51 PM,Starting program:D:\RM-Robocut Programs\AD marmi.src
3/25/2025 4:25:02 PM,Completed program: D:\RM-Robocut Programs\AD marmi.src
3/26/2025 5:25:20 PM,Loaded file:D:\RM-Robocut Programs\Ferdi basamento.src
3/26/2025 5:28:18 PM,Starting program:D:\RM-Robocut Programs\Ferdi basamento.src
3/26/2025 5:29:40 PM,Loaded file:D:\RM-Robocut Programs\Ferdi basamento.src
3/26/2025 5:29:52 PM,Starting program:D:\RM-Robocut Programs\Ferdi basamento.src
3/27/2025 2:42:27 AM,Completed program: D:\RM-Robocut Programs\Ferdi basamento.src
3/27/2025 8:59:27 AM,Loaded file:D:\RM-Robocut Programs\Ferdi basamento.src
3/27/2025 9:00:17 AM,Starting program:D:\RM-Robocut Programs\Ferdi basamento.src
3/27/2025 1:18:19 PM,Loaded file:D:\RM-Robocut Programs\Ferdi basamento.src
3/27/2025 1:18:42 PM,Starting program:D:\RM-Robocut Programs\Ferdi basamento.src
3/28/2025 12:52:03 AM,Completed program: D:\RM-Robocut Programs\Ferdi basamento.src
3/28/2025 9:59:18 AM,Loaded file:D:\RM-Robocut Programs\Leopoldo.src
3/28/2025 9:59:48 AM,Starting program:D:\RM-Robocut Programs\Leopoldo.src
3/28/2025 10:00:37 AM,Loaded file:D:\RM-Robocut Programs\Leopoldo.src
3/28/2025 10:00:58 AM,Starting program:D:\RM-Robocut Programs\Leopoldo.src
3/28/2025 12:48:09 PM,Loaded file:D:\RM-Robocut Programs\Leopoldo.src
3/28/2025 12:49:02 PM,Starting program:D:\RM-Robocut Programs\Leopoldo.src
3/29/2025 10:38:21 AM,Completed program: D:\RM-Robocut Programs\Leopoldo.src
3/29/2025 10:41:52 AM,Loaded file:D:\RM-Robocut Programs\Leopoldo.src
3/29/2025 10:43:46 AM,Starting program:D:\RM-Robocut Programs\Leopoldo.src
3/29/2025 3:10:36 PM,Completed program: D:\RM-Robocut Programs\Leopoldo.src
3/29/2025 3:30:12 PM,Loaded file:D:\RM-Robocut Programs\Leopoldo.src
3/29/2025 3:34:08 PM,Starting program:D:\RM-Robocut Programs\Leopoldo.src
3/29/2025 7:22:08 PM,Completed program: D:\RM-Robocut Programs\Leopoldo.src
3/29/2025 7:23:26 PM,Loaded file:D:\RM-Robocut Programs\Leopoldo.src
3/29/2025 7:24:15 PM,Starting program:D:\RM-Robocut Programs\Leopoldo.src
3/29/2025 7:34:16 PM,Completed program: D:\RM-Robocut Programs\Leopoldo.src
3/29/2025 7:41:32 PM,Loaded file:D:\RM-Robocut Programs\Leopoldo fine.src
3/29/2025 7:43:29 PM,Starting program:D:\RM-Robocut Programs\Leopoldo fine.src
3/29/2025 8:38:29 PM,Completed program: D:\RM-Robocut Programs\Leopoldo fine.src
3/31/2025 8:01:01 AM,Loaded file:D:\RM-Robocut Programs\Leopoldo.src
3/31/2025 8:01:15 AM,Starting program:D:\RM-Robocut Programs\Leopoldo.src
3/31/2025 1:02:07 PM,Completed program: D:\RM-Robocut Programs\Leopoldo.src
4/1/2025 2:05:03 PM,Loaded file:D:\RM-Robocut Programs\Coral flame Pat.src
4/1/2025 2:05:10 PM,Starting program:D:\RM-Robocut Programs\Coral flame Pat.src
4/1/2025 6:35:53 PM,Completed program: D:\RM-Robocut Programs\Coral flame Pat.src
4/1/2025 8:05:41 PM,Loaded file:D:\RM-Robocut Programs\Coral flame Pat.src
4/1/2025 8:07:00 PM,Starting program:D:\RM-Robocut Programs\Coral flame Pat.src
4/2/2025 5:08:09 AM,Completed program: D:\RM-Robocut Programs\Coral flame Pat.src
4/2/2025 8:02:46 AM,Loaded file:D:\RM-Robocut Programs\Coral flame Pat.src
4/2/2025 8:03:25 AM,Starting program:D:\RM-Robocut Programs\Coral flame Pat.src
4/2/2025 8:03:43 AM,Loaded file:D:\RM-Robocut Programs\Coral flame Pat.src
4/2/2025 8:03:54 AM,Starting program:D:\RM-Robocut Programs\Coral flame Pat.src
4/2/2025 11:53:42 AM,Completed program: D:\RM-Robocut Programs\Coral flame Pat.src
4/2/2025 12:09:28 PM,Loaded file:D:\RM-Robocut Programs\Coral flame Pat.src
4/2/2025 12:09:58 PM,Starting program:D:\RM-Robocut Programs\Coral flame Pat.src
4/2/2025 3:59:42 PM,Completed program: D:\RM-Robocut Programs\Coral flame Pat.src
4/2/2025 4:12:19 PM,Loaded file:D:\RM-Robocut Programs\Coral flame Pat.src
4/2/2025 4:12:37 PM,Starting program:D:\RM-Robocut Programs\Coral flame Pat.src
4/2/2025 10:30:26 PM,Completed program: D:\RM-Robocut Programs\Coral flame Pat.src
4/3/2025 6:53:39 AM,Loaded file:D:\RM-Robocut Programs\Coral flame Pat.src
4/3/2025 6:54:33 AM,Starting program:D:\RM-Robocut Programs\Coral flame Pat.src
4/3/2025 7:03:30 PM,Loaded file:D:\RM-Robocut Programs\S.Teresa.src
4/3/2025 7:04:51 PM,Starting program:D:\RM-Robocut Programs\S.Teresa.src
4/4/2025 4:52:20 AM,Completed program: D:\RM-Robocut Programs\S.Teresa.src
4/4/2025 6:49:59 AM,Loaded file:D:\RM-Robocut Programs\S.Teresa.src
4/4/2025 6:50:46 AM,Starting program:D:\RM-Robocut Programs\S.Teresa.src
4/4/2025 12:18:14 PM,Completed program: D:\RM-Robocut Programs\S.Teresa.src
4/4/2025 12:55:43 PM,Loaded file:D:\RM-Robocut Programs\S.Teresa.src
4/4/2025 12:56:04 PM,Starting program:D:\RM-Robocut Programs\S.Teresa.src
4/4/2025 5:07:32 PM,Completed program: D:\RM-Robocut Programs\S.Teresa.src
4/4/2025 5:21:51 PM,Loaded file:D:\RM-Robocut Programs\S.Teresa.src
4/4/2025 5:22:20 PM,Starting program:D:\RM-Robocut Programs\S.Teresa.src
4/5/2025 3:47:30 AM,Completed program: D:\RM-Robocut Programs\S.Teresa.src
4/7/2025 2:53:03 PM,Loaded file:D:\RM-Robocut Programs\Giacomino.src
4/7/2025 2:53:48 PM,Starting program:D:\RM-Robocut Programs\Giacomino.src
4/7/2025 3:08:38 PM,Loaded file:D:\RM-Robocut Programs\Giacomino.src
4/7/2025 3:08:46 PM,Starting program:D:\RM-Robocut Programs\Giacomino.src
4/7/2025 4:32:54 PM,Loaded file:D:\RM-Robocut Programs\Giacomino.src
4/7/2025 4:33:32 PM,Starting program:D:\RM-Robocut Programs\Giacomino.src
4/7/2025 5:02:52 PM,Loaded file:D:\RM-Robocut Programs\Giacomino.src
4/7/2025 5:04:52 PM,Starting program:D:\RM-Robocut Programs\Giacomino.src
4/7/2025 7:21:09 PM,Completed program: D:\RM-Robocut Programs\Giacomino.src
4/8/2025 6:31:29 AM,Loaded file:D:\RM-Robocut Programs\Giacomino.src
4/8/2025 6:31:57 AM,Starting program:D:\RM-Robocut Programs\Giacomino.src
4/8/2025 6:32:33 AM,Loaded file:D:\RM-Robocut Programs\Giacomino.src
4/8/2025 6:32:38 AM,Starting program:D:\RM-Robocut Programs\Giacomino.src
4/8/2025 7:06:26 AM,Loaded file:D:\RM-Robocut Programs\Base R2.src
4/8/2025 7:07:46 AM,Starting program:D:\RM-Robocut Programs\Base R2.src
4/8/2025 7:14:40 AM,Loaded file:D:\RM-Robocut Programs\Base R2.src
4/8/2025 7:15:58 AM,Starting program:D:\RM-Robocut Programs\Base R2.src
4/8/2025 7:52:32 AM,Loaded file:D:\RM-Robocut Programs\Base R2.src
4/8/2025 7:52:45 AM,Starting program:D:\RM-Robocut Programs\Base R2.src
4/8/2025 8:45:24 AM,Completed program: D:\RM-Robocut Programs\Base R2.src
4/8/2025 10:33:09 AM,Loaded file:D:\RM-Robocut Programs\Base R2.src
4/8/2025 10:33:26 AM,Starting program:D:\RM-Robocut Programs\Base R2.src
4/9/2025 12:37:03 AM,Completed program: D:\RM-Robocut Programs\Base R2.src
4/10/2025 8:29:20 AM,Loaded file:D:\RM-Robocut Programs\Riccardino.src
4/10/2025 9:29:13 AM,Starting program:D:\RM-Robocut Programs\Riccardino.src
4/10/2025 7:38:56 PM,Completed program: D:\RM-Robocut Programs\Riccardino.src
4/10/2025 7:42:34 PM,Loaded file:D:\RM-Robocut Programs\Riccardino.src
4/10/2025 7:42:45 PM,Starting program:D:\RM-Robocut Programs\Riccardino.src
4/11/2025 4:01:40 AM,Completed program: D:\RM-Robocut Programs\Riccardino.src
4/11/2025 9:34:43 AM,Loaded file:D:\RM-Robocut Programs\Riccardino.src
4/11/2025 9:34:58 AM,Starting program:D:\RM-Robocut Programs\Riccardino.src
4/11/2025 1:14:15 PM,Completed program: D:\RM-Robocut Programs\Riccardino.src
4/11/2025 1:21:45 PM,Loaded file:D:\RM-Robocut Programs\Riccardino.src
4/11/2025 1:22:40 PM,Starting program:D:\RM-Robocut Programs\Riccardino.src
4/11/2025 6:52:45 PM,Completed program: D:\RM-Robocut Programs\Riccardino.src
4/12/2025 8:37:54 AM,Loaded file:D:\RM-Robocut Programs\Riccardino.src
4/12/2025 8:38:07 AM,Starting program:D:\RM-Robocut Programs\Riccardino.src
4/12/2025 8:45:23 AM,Loaded file:D:\RM-Robocut Programs\Riccardino.src
4/12/2025 8:45:48 AM,Starting program:D:\RM-Robocut Programs\Riccardino.src
4/12/2025 10:25:54 AM,Completed program: D:\RM-Robocut Programs\Riccardino.src
4/15/2025 9:52:01 AM,Loaded file:D:\RM-Robocut Programs\Riccardino.src
4/15/2025 9:52:56 AM,Loaded file:D:\RM-Robocut Programs\Riccardino.src
4/15/2025 9:52:59 AM,Starting program:D:\RM-Robocut Programs\Riccardino.src
4/17/2025 10:53:37 AM,Loaded file:D:\RM-Robocut Programs\Franchi 03.src
4/17/2025 11:02:42 AM,Loaded file:D:\RM-Robocut Programs\Franchi 03.src
4/17/2025 11:02:53 AM,Starting program:D:\RM-Robocut Programs\Franchi 03.src
4/17/2025 7:59:43 PM,Completed program: D:\RM-Robocut Programs\Franchi 03.src
4/18/2025 7:34:29 AM,Loaded file:D:\RM-Robocut Programs\Franchi 03.src
4/18/2025 7:34:43 AM,Starting program:D:\RM-Robocut Programs\Franchi 03.src
4/18/2025 10:35:00 AM,Completed program: D:\RM-Robocut Programs\Franchi 03.src
4/18/2025 11:00:16 AM,Loaded file:D:\RM-Robocut Programs\Franchi 03.src
4/18/2025 11:01:02 AM,Starting program:D:\RM-Robocut Programs\Franchi 03.src
4/18/2025 12:55:55 PM,Completed program: D:\RM-Robocut Programs\Franchi 03.src
4/22/2025 3:19:53 PM,Loaded file:D:\RM-Robocut Programs\Franchi 03.src
4/22/2025 3:47:45 PM,Loaded file:D:\RM-Robocut Programs\Franchi 03.src
4/22/2025 3:47:52 PM,Starting program:D:\RM-Robocut Programs\Franchi 03.src
4/22/2025 5:52:42 PM,Completed program: D:\RM-Robocut Programs\Franchi 03.src
4/22/2025 5:56:04 PM,Loaded file:D:\RM-Robocut Programs\Franchi 03.src
4/22/2025 5:56:32 PM,Starting program:D:\RM-Robocut Programs\Franchi 03.src
4/22/2025 6:04:27 PM,Loaded file:D:\RM-Robocut Programs\Franchi 03.src
4/22/2025 6:05:07 PM,Starting program:D:\RM-Robocut Programs\Franchi 03.src
4/22/2025 7:30:02 PM,Completed program: D:\RM-Robocut Programs\Franchi 03.src
4/23/2025 8:18:51 AM,Loaded file:D:\RM-Robocut Programs\Franchi 03.src
4/23/2025 8:21:51 AM,Starting program:D:\RM-Robocut Programs\Franchi 03.src
4/23/2025 10:38:01 AM,Completed program: D:\RM-Robocut Programs\Franchi 03.src
4/23/2025 10:40:10 AM,Loaded file:D:\RM-Robocut Programs\Franchi 03.src
4/23/2025 10:40:22 AM,Starting program:D:\RM-Robocut Programs\Franchi 03.src
4/23/2025 10:47:23 AM,Loaded file:D:\RM-Robocut Programs\Franchi 03.src
4/23/2025 11:03:27 AM,Starting program:D:\RM-Robocut Programs\Franchi 03.src
4/23/2025 12:28:06 PM,Completed program: D:\RM-Robocut Programs\Franchi 03.src
4/24/2025 2:52:00 PM,Loaded file:D:\RM-Robocut Programs\Stele Ucraino.src
4/24/2025 2:58:09 PM,Starting program:D:\RM-Robocut Programs\Stele Ucraino.src
4/25/2025 7:22:38 AM,Completed program: D:\RM-Robocut Programs\Stele Ucraino.src
4/25/2025 8:10:16 AM,Loaded file:D:\RM-Robocut Programs\Stele Ucraino.src
4/25/2025 8:11:01 AM,Starting program:D:\RM-Robocut Programs\Stele Ucraino.src
4/25/2025 10:39:17 PM,Completed program: D:\RM-Robocut Programs\Stele Ucraino.src
4/26/2025 6:48:26 AM,Loaded file:D:\RM-Robocut Programs\Stele Ucraino.src
4/26/2025 6:49:22 AM,Starting program:D:\RM-Robocut Programs\Stele Ucraino.src
4/26/2025 10:14:04 PM,Completed program: D:\RM-Robocut Programs\Stele Ucraino.src
4/27/2025 6:25:44 AM,Loaded file:D:\RM-Robocut Programs\Stele Ucraino.src
4/27/2025 6:27:39 AM,Starting program:D:\RM-Robocut Programs\Stele Ucraino.src
4/27/2025 7:44:12 PM,Completed program: D:\RM-Robocut Programs\Stele Ucraino.src
4/28/2025 10:17:53 AM,Loaded file:D:\RM-Robocut Programs\Stele Ucraino.src
4/28/2025 10:18:04 AM,Starting program:D:\RM-Robocut Programs\Stele Ucraino.src
4/28/2025 5:52:26 PM,Completed program: D:\RM-Robocut Programs\Stele Ucraino.src
4/28/2025 6:00:20 PM,Loaded file:D:\RM-Robocut Programs\Stele Ucraino.src
4/28/2025 6:00:42 PM,Starting program:D:\RM-Robocut Programs\Stele Ucraino.src
4/29/2025 4:06:12 AM,Completed program: D:\RM-Robocut Programs\Stele Ucraino.src
4/29/2025 6:01:22 AM,Loaded file:D:\RM-Robocut Programs\Stele Ucraino.src
4/29/2025 6:03:03 AM,Starting program:D:\RM-Robocut Programs\Stele Ucraino.src
4/29/2025 1:50:49 PM,Completed program: D:\RM-Robocut Programs\Stele Ucraino.src
4/29/2025 1:57:01 PM,Loaded file:D:\RM-Robocut Programs\Stele Ucraino.src
4/29/2025 1:57:57 PM,Starting program:D:\RM-Robocut Programs\Stele Ucraino.src
4/29/2025 11:05:21 PM,Completed program: D:\RM-Robocut Programs\Stele Ucraino.src
4/30/2025 7:19:16 AM,Loaded file:D:\RM-Robocut Programs\Stele Ucraino.src
4/30/2025 7:19:30 AM,Starting program:D:\RM-Robocut Programs\Stele Ucraino.src
4/30/2025 7:53:02 AM,Loaded file:D:\RM-Robocut Programs\Stele Ucraino.src
4/30/2025 7:55:30 AM,Starting program:D:\RM-Robocut Programs\Stele Ucraino.src
4/30/2025 8:18:09 AM,Loaded file:D:\RM-Robocut Programs\Stele Ucraino.src
4/30/2025 8:18:23 AM,Starting program:D:\RM-Robocut Programs\Stele Ucraino.src
5/1/2025 4:45:49 AM,Completed program: D:\RM-Robocut Programs\Stele Ucraino.src
5/1/2025 7:14:13 AM,Loaded file:D:\RM-Robocut Programs\Stele Ucraino.src
5/1/2025 7:14:52 AM,Starting program:D:\RM-Robocut Programs\Stele Ucraino.src
5/2/2025 5:05:35 AM,Completed program: D:\RM-Robocut Programs\Stele Ucraino.src
5/2/2025 7:28:47 AM,Loaded file:D:\RM-Robocut Programs\Stele Ucraino.src
5/2/2025 7:29:47 AM,Starting program:D:\RM-Robocut Programs\Stele Ucraino.src
5/2/2025 7:48:27 AM,Loaded file:D:\RM-Robocut Programs\Stele Ucraino.src
5/2/2025 7:49:39 AM,Starting program:D:\RM-Robocut Programs\Stele Ucraino.src
5/2/2025 2:54:47 PM,Loaded file:D:\RM-Robocut Programs\Stele Ucraino.src
5/2/2025 2:55:29 PM,Starting program:D:\RM-Robocut Programs\Stele Ucraino.src
5/2/2025 10:25:20 PM,Completed program: D:\RM-Robocut Programs\Stele Ucraino.src
5/9/2025 4:25:08 PM,Loaded file:D:\RM-Robocut Programs\Figura.src
5/9/2025 4:40:48 PM,Starting program:D:\RM-Robocut Programs\Figura.src
5/9/2025 9:52:28 PM,Completed program: D:\RM-Robocut Programs\Figura.src
5/10/2025 7:19:54 AM,Loaded file:D:\RM-Robocut Programs\Figura.src
5/10/2025 7:20:27 AM,Starting program:D:\RM-Robocut Programs\Figura.src
5/10/2025 12:34:04 PM,Completed program: D:\RM-Robocut Programs\Figura.src
5/13/2025 8:33:24 AM,Loaded file:D:\RM-Robocut Programs\Figura.src
5/13/2025 8:34:17 AM,Starting program:D:\RM-Robocut Programs\Figura.src
5/13/2025 10:17:03 AM,Completed program: D:\RM-Robocut Programs\Figura.src
5/13/2025 10:37:53 AM,Loaded file:D:\RM-Robocut Programs\Figura.src
5/13/2025 10:38:02 AM,Starting program:D:\RM-Robocut Programs\Figura.src
5/13/2025 11:52:51 AM,Completed program: D:\RM-Robocut Programs\Figura.src
5/13/2025 12:22:46 PM,Loaded file:D:\RM-Robocut Programs\Figura.src
5/13/2025 12:22:50 PM,Starting program:D:\RM-Robocut Programs\Figura.src
5/13/2025 1:30:54 PM,Completed program: D:\RM-Robocut Programs\Figura.src
5/14/2025 5:09:40 PM,Loaded file:D:\RM-Robocut Programs\Micha.src
5/14/2025 5:20:12 PM,Starting program:D:\RM-Robocut Programs\Micha.src
5/14/2025 5:25:02 PM,Loaded file:D:\RM-Robocut Programs\Micha.src
5/14/2025 5:26:29 PM,Starting program:D:\RM-Robocut Programs\Micha.src
5/16/2025 7:19:53 PM,Completed program: D:\RM-Robocut Programs\Micha.src
5/16/2025 7:22:13 PM,Loaded file:D:\RM-Robocut Programs\Micha.src
5/16/2025 7:23:03 PM,Starting program:D:\RM-Robocut Programs\Micha.src
